SupplierName,PaymentMethod,PaymentTerms,IDSupplier,Country,Currency,Country_category,theoretical_lead_time
Proveedor 3,RECIBO,1X30,PROV41000270,ES,EUR,SPAIN,10
Proveedor 4,RECIBO,1X60,PROV1344,ES,EUR,SPAIN,10
Proveedor 12,RECIBO,1X85,PROV40000010,ES,EUR,SPAIN,10
Proveedor 13,RECIBO,1X60,PROV40000187,ES,EUR,SPAIN,10
Proveedor 14,RECIBO,1X60,PROV40000200,ES,EUR,SPAIN,10
Proveedor 15,RECIBO,1X60,PROV40000235,ES,EUR,SPAIN,10
Proveedor 16,RECIBO,1X60,PROV40000500,ES,EUR,SPAIN,10
Proveedor 17,RECIBO,1X45,PROV40000520,ES,EUR,SPAIN,10
Proveedor 18,RECIBO,1X75,PROV40000645,ES,EUR,SPAIN,10
Proveedor 19,RECIBO,1X45,PROV40000735,ES,EUR,SPAIN,10
Proveedor 20,RECIBO,1X60,PROV40000755,ES,EUR,SPAIN,10
Proveedor 21,RECIBO,1X75,PROV40000850,ES,EUR,SPAIN,10
Proveedor 22,TRANSFE.,1X45,PROV40000882,ES,EUR,SPAIN,10
Proveedor 23,RECIBO,1X60,PROV40000990,ES,EUR,SPAIN,10
Proveedor 24,TRANSFE.,1X60,PROV40001000,FR,EUR,OTHER_EU,20
Proveedor 26,RECIBO,1X60,PROV40001470,ES,EUR,SPAIN,10
Proveedor 27,RECIBO,1X75,PROV40001600,ES,EUR,SPAIN,10
Proveedor 28,RECIBO,1X60,PROV40001730,ES,EUR,SPAIN,10
Proveedor 29,RECIBO,1X60,PROV40001825,ES,EUR,SPAIN,10
Proveedor 30,RECIBO,1X75,PROV40002065,ES,EUR,SPAIN,10
Proveedor 31,RECIBO,1X60,PROV40002090,ES,EUR,SPAIN,10
Proveedor 32,RECIBO,1X90,PROV40002120,ES,EUR,SPAIN,10
Proveedor 33,TRANSFE.,1X90,PROV40002140,CH,USD,NON_EU,45
Proveedor 34,RECIBO,1X75,PROV40002180,ES,EUR,SPAIN,10
Proveedor 35,TRANSFE.,1X60,PROV40002185,ES,EUR,SPAIN,10
Proveedor 36,RECIBO,1X60,PROV40002220,ES,EUR,SPAIN,10
Proveedor 37,RECIBO,1X45,PROV40002330,ES,EUR,SPAIN,10
Proveedor 48,RECIBO,1X60,PROV41000118,ES,EUR,SPAIN,10
Proveedor 49,RECIBO,1X60,PROV41000135,ES,EUR,SPAIN,10
Proveedor 50,RECIBO,1X60,PROV41000145,ES,EUR,SPAIN,10
Proveedor 51,RECIBO,1X90,PROV41000150,ES,EUR,SPAIN,10
Proveedor 52,RECIBO,1X90,PROV41000162,ES,EUR,SPAIN,10
Proveedor 54,RECIBO,1X60,PROV41000180,ES,EUR,SPAIN,10
Proveedor 55,RECIBO,1X30,PROV41000183,ES,EUR,SPAIN,10
Proveedor 56,RECIBO,1X90,PROV41000198,ES,EUR,SPAIN,10
Proveedor 59,RECIBO,1X60,PROV41000220,ES,EUR,SPAIN,10
Proveedor 60,RECIBO,1X90,PROV41000231,ES,EUR,SPAIN,10
Proveedor 61,RECIBO,1X90,PROV41000232,ES,EUR,SPAIN,10
Proveedor 63,RECIBO,1X90,PROV41000305,ES,EUR,SPAIN,10
Proveedor 64,RECIBO,1X30,PROV41000310,ES,EUR,SPAIN,10
Proveedor 67,RECIBO,1X30,PROV41000322,ES,EUR,SPAIN,10
Proveedor 68,RECIBO,1X30,PROV41000324,ES,EUR,SPAIN,10
Proveedor 70,RECIBO,1X30,PROV41000327,ES,EUR,SPAIN,10
Proveedor 71,RECIBO,1X60,PROV41000330,ES,EUR,SPAIN,10
Proveedor 72,RECIBO,1X30,PROV41000335,ES,EUR,SPAIN,10
Proveedor 73,RECIBO,1X90,PROV41000336,ES,EUR,SPAIN,10
Proveedor 74,RECIBO,1X30,PROV41000338,ES,EUR,SPAIN,10
Proveedor 75,RECIBO,15DIAS,PROV41000406,ES,EUR,SPAIN,10
Proveedor 76,RECIBO,1X90,PROV41000408,ES,EUR,SPAIN,10
Proveedor 77,RECIBO,1X75,PROV41000426,ES,EUR,SPAIN,10
Proveedor 78,TRANSFE.,1X30,PROV41000486,ES,EUR,SPAIN,10
Proveedor 79,RECIBO,1X60,PROV41000531,ES,EUR,SPAIN,10
Proveedor 80,RECIBO,1X60,PROV41000540,ES,EUR,SPAIN,10
Proveedor 82,RECIBO,1X45,PROV41000585,ES,EUR,SPAIN,10
Proveedor 84,RECIBO,1X30,PROV41000601,ES,EUR,SPAIN,10
Proveedor 86,RECIBO,1X60,PROV41000641,ES,EUR,SPAIN,10
Proveedor 88,RECIBO,1X90,PROV41000650,ES,EUR,SPAIN,10
Proveedor 90,RECIBO,1X90,PROV41000770,ES,EUR,SPAIN,10
Proveedor 91,RECIBO,1X60,PROV41000800,ES,EUR,SPAIN,10
Proveedor 93,RECIBO,1X90,PROV41000820,ES,EUR,SPAIN,10
Proveedor 96,RECIBO,1X60,PROV41000845,ES,EUR,SPAIN,10
Proveedor 98,RECIBO,1X30,PROV41000885,ES,EUR,SPAIN,10
Proveedor 101,RECIBO,1X30,PROV41000891,ES,EUR,SPAIN,10
Proveedor 102,RECIBO,1X30,PROV41000892,ES,EUR,SPAIN,10
Proveedor 103,RECIBO,1X30,PROV41000893,ES,EUR,SPAIN,10
Proveedor 104,RECIBO,1X30,PROV41000894,ES,EUR,SPAIN,10
Proveedor 105,RECIBO,1X60,PROV41000895,ES,EUR,SPAIN,10
Proveedor 106,TRANSFE.,1X30,PROV41000896,ES,EUR,SPAIN,10
Proveedor 110,RECIBO,1X90,PROV41000980,ES,EUR,SPAIN,10
Proveedor 111,TRANSFE.,ADELANTADO,PROV41001010,ES,EUR,SPAIN,10
Proveedor 114,RECIBO,1X90,PROV41001030,ES,EUR,SPAIN,10
Proveedor 115,RECIBO,1X90,PROV41001040,ES,EUR,SPAIN,10
Proveedor 116,RECIBO,1X90,PROV41001055,ES,EUR,SPAIN,10
Proveedor 117,TRANSFE.,1X75,PROV41001065,ES,EUR,SPAIN,10
Proveedor 119,RECIBO,1X45,PROV41001119,ES,EUR,SPAIN,10
Proveedor 120,RECIBO,8DIAS,PROV41001120,ES,EUR,SPAIN,10
Proveedor 121,RECIBO,1X90,PROV41001131,ES,EUR,SPAIN,10
Proveedor 122,RECIBO,1X30,PROV41001133,ES,EUR,SPAIN,10
Proveedor 123,RECIBO,1X60,PROV41001142,ES,EUR,SPAIN,10
Proveedor 124,TRANSFE.,1X90,PROV41001144,ES,EUR,SPAIN,10
Proveedor 125,RECIBO,15DIAS,PROV41001160,ES,EUR,SPAIN,10
Proveedor 126,RECIBO,1X30,PROV41001165,ES,EUR,SPAIN,10
Proveedor 127,TRANSFE.,1X30,PROV41001200,ES,EUR,SPAIN,10
Proveedor 128,RECIBO,1X30,PROV41001226,ES,EUR,SPAIN,10
Proveedor 129,RECIBO,1X60,PROV41001240,ES,EUR,SPAIN,10
Proveedor 131,RECIBO,1X90,PROV41001270,ES,EUR,SPAIN,10
Proveedor 132,RECIBO,1X30,PROV41001290,ES,EUR,SPAIN,10
Proveedor 133,RECIBO,1X45,PROV41001350,ES,EUR,SPAIN,10
Proveedor 136,RECIBO,1X90,PROV41001365,ES,EUR,SPAIN,10
Proveedor 138,RECIBO,1X60,PROV41001395,ES,EUR,SPAIN,10
Proveedor 139,RECIBO,1X60,PROV41001401,ES,EUR,SPAIN,10
Proveedor 140,RECIBO,1X60,PROV41001420,ES,EUR,SPAIN,10
Proveedor 142,RECIBO,15DIAS,PROV41001430,ES,EUR,SPAIN,10
Proveedor 146,RECIBO,1X30,PROV41001460,ES,EUR,SPAIN,10
Proveedor 147,RECIBO,1X30,PROV41001462,ES,EUR,SPAIN,10
Proveedor 148,RECIBO,1X30,PROV41001472,ES,EUR,SPAIN,10
Proveedor 149,RECIBO,1X30,PROV41001475,ES,EUR,SPAIN,10
Proveedor 150,RECIBO,1X60,PROV41001485,ES,EUR,SPAIN,10
Proveedor 151,RECIBO,1X30,PROV41001493,ES,EUR,SPAIN,10
Proveedor 152,RECIBO,1X30,PROV41001496,ES,EUR,SPAIN,10
Proveedor 156,RECIBO,1X30,PROV41001522,ES,EUR,SPAIN,10
Proveedor 158,RECIBO,1X30,PROV41001540,ES,EUR,SPAIN,10
Proveedor 159,RECIBO,1X30,PROV41001555,ES,EUR,SPAIN,10
Proveedor 160,RECIBO,1X45,PROV41001571,ES,EUR,SPAIN,10
Proveedor 163,RECIBO,1X60,PROV41001699,ES,EUR,SPAIN,10
Proveedor 164,RECIBO,1X60,PROV41001800,ES,EUR,SPAIN,10
Proveedor 166,RECIBO,1X60,PROV1004,ES,EUR,SPAIN,10
Proveedor 167,RECIBO,1X60,PROV1007,ES,EUR,SPAIN,10
Proveedor 169,RECIBO,1X30,PROV1010,ES,EUR,SPAIN,10
Proveedor 170,RECIBO,1X30,PROV1013,ES,EUR,SPAIN,10
Proveedor 171,TRANSFE.,1X45,PROV1014,ES,EUR,SPAIN,10
Proveedor 172,RECIBO,1X30,PROV1019,ES,EUR,SPAIN,10
Proveedor 173,CONTADO,REPOSICION,PROV1020,ES,EUR,SPAIN,10
Proveedor 174,RECIBO,1X60,PROV1022,ES,EUR,SPAIN,10
Proveedor 175,RECIBO,1X60,PROV1023,ES,EUR,SPAIN,10
Proveedor 176,RECIBO,1X75,PROV1024,ES,EUR,SPAIN,10
Proveedor 177,RECIBO,1X30,PROV1025,ES,EUR,SPAIN,10
Proveedor 178,RECIBO,1X30,PROV1027,ES,EUR,SPAIN,10
Proveedor 179,RECIBO,1X90,PROV1031,ES,EUR,SPAIN,10
Proveedor 180,RECIBO,10DIAS,PROV1046,ES,EUR,SPAIN,10
Proveedor 181,TRANSFE.,1X30,PROV1049,FR,EUR,OTHER_EU,20
Proveedor 182,TRANSFE.,1X60,PROV1061,IN,USD,NON_EU,45
Proveedor 183,RECIBO,1X30,PROV1065,ES,EUR,SPAIN,10
Proveedor 187,RECIBO,1X60,PROV1077,ES,EUR,SPAIN,10
Proveedor 189,TRANSFE.,1X90,PROV1088,SA,USD,NON_EU,45
Proveedor 190,RECIBO,1X60,PROV1089,ES,EUR,SPAIN,10
Proveedor 194,RECIBO,1X30,PROV1094,ES,EUR,SPAIN,10
Proveedor 195,RECIBO,1X90,PROV1095,ES,EUR,SPAIN,10
Proveedor 196,RECIBO,1X30,PROV1097,ES,EUR,SPAIN,10
Proveedor 198,RECIBO,1X30,PROV1105,ES,EUR,SPAIN,10
Proveedor 199,RECIBO,1X90,PROV1106,ES,EUR,SPAIN,10
Proveedor 200,RECIBO,1X60,PROV1113,ES,EUR,SPAIN,10
Proveedor 201,RECIBO,1X30,PROV1114,ES,EUR,SPAIN,10
Proveedor 203,RECIBO,1X30,PROV1124,ES,EUR,SPAIN,10
Proveedor 204,RECIBO,1X60,PROV1125,ES,EUR,SPAIN,10
Proveedor 206,RECIBO,1X60,PROV1128,ES,EUR,SPAIN,10
Proveedor 207,RECIBO,1X60,PROV1129,ES,EUR,SPAIN,10
Proveedor 208,TRANSFE.,1X60,PROV1133,DE,EUR,OTHER_EU,20
Proveedor 209,RECIBO,1X60,PROV1134,ES,EUR,SPAIN,10
Proveedor 210,RECIBO,1X90,PROV1138,ES,EUR,SPAIN,10
Proveedor 211,RECIBO,1X75,PROV1141,ES,EUR,SPAIN,10
Proveedor 212,RECIBO,1X30,PROV1144,ES,EUR,SPAIN,10
Proveedor 213,RECIBO,1X30,PROV1151,ES,EUR,SPAIN,10
Proveedor 214,RECIBO,1X90,PROV1153,ES,EUR,SPAIN,10
Proveedor 215,RECIBO,1X30,PROV1156,ES,EUR,SPAIN,10
Proveedor 217,RECIBO,1X90,PROV1162,ES,EUR,SPAIN,10
Proveedor 218,TRANSFE.,1X60,PROV1165,ES,EUR,SPAIN,10
Proveedor 219,RECIBO,1X30,PROV1166,ES,EUR,SPAIN,10
Proveedor 220,RECIBO,1X60,PROV1167,ES,EUR,SPAIN,10
Proveedor 221,RECIBO,1X30,PROV1170,ES,EUR,SPAIN,10
Proveedor 223,TRANSFE.,1X30,PROV1184,ES,EUR,SPAIN,10
Proveedor 224,RECIBO,1X30,PROV1186,ES,EUR,SPAIN,10
Proveedor 225,RECIBO,1X30,PROV1187,ES,EUR,SPAIN,10
Proveedor 226,RECIBO,1X30,PROV1189,ES,EUR,SPAIN,10
Proveedor 227,RECIBO,1X60,PROV1191,ES,EUR,SPAIN,10
Proveedor 228,TRANSFE.,1X30,PROV1193,ES,EUR,SPAIN,10
Proveedor 229,RECIBO,1X30,PROV1194,ES,EUR,SPAIN,10
Proveedor 230,RECIBO,1X30,PROV1195,ES,EUR,SPAIN,10
Proveedor 232,TRANSFE.,1X30,PROV1199,ES,EUR,SPAIN,10
Proveedor 236,RECIBO,1X30,PROV1210,ES,EUR,SPAIN,10
Proveedor 237,RECIBO,1X30,PROV1212,ES,EUR,SPAIN,10
Proveedor 238,RECIBO,1X90,PROV1215,ES,EUR,SPAIN,10
Proveedor 239,RECIBO,1X60,PROV1216,ES,EUR,SPAIN,10
Proveedor 240,TRANSFE.,1X90,PROV1222,IE,EUR,OTHER_EU,20
Proveedor 241,RECIBO,1X60,PROV1223,ES,EUR,SPAIN,10
Proveedor 242,RECIBO,1X85,PROV1224,ES,EUR,SPAIN,10
Proveedor 243,RECIBO,1X30,PROV1227,ES,EUR,SPAIN,10
Proveedor 244,RECIBO,1X30,PROV1228,ES,EUR,SPAIN,10
Proveedor 245,RECIBO,1X30,PROV1229,ES,EUR,SPAIN,10
Proveedor 246,TRANSFE.,1X60,PROV1231,ES,EUR,SPAIN,10
Proveedor 247,RECIBO,1X30,PROV1232,ES,EUR,SPAIN,10
Proveedor 248,TRANSFE.,1X30,PROV1237,ES,EUR,SPAIN,10
Proveedor 249,RECIBO,1X90,PROV1238,ES,EUR,SPAIN,10
Proveedor 250,TRANSFE.,1X30,PROV1246,ES,EUR,SPAIN,10
Proveedor 251,RECIBO,1X30,PROV1251,ES,EUR,SPAIN,10
Proveedor 252,RECIBO,1X60,PROV1255,ES,EUR,SPAIN,10
Proveedor 253,RECIBO,1X90,PROV1256,ES,EUR,SPAIN,10
Proveedor 254,RECIBO,1X85,PROV1257,ES,EUR,SPAIN,10
Proveedor 255,TRANSFE.,1X30,PROV1260,ES,EUR,SPAIN,10
Proveedor 256,RECIBO,1X90,PROV1262,ES,EUR,SPAIN,10
Proveedor 257,RECIBO,1X90,PROV1264,ES,EUR,SPAIN,10
Proveedor 258,RECIBO,1X90,PROV1269,ES,EUR,SPAIN,10
Proveedor 260,RECIBO,1X60,PROV1271,ES,EUR,SPAIN,10
Proveedor 261,RECIBO,1X60,PROV1275,ES,EUR,SPAIN,10
Proveedor 262,RECIBO,1X30,PROV1276,ES,EUR,SPAIN,10
Proveedor 263,RECIBO,1X90,PROV1278,ES,EUR,SPAIN,10
Proveedor 264,RECIBO,1X30,PROV1282,ES,EUR,SPAIN,10
Proveedor 265,RECIBO,1X60,PROV1287,ES,EUR,SPAIN,10
Proveedor 267,TRANSFE.,1X30,PROV1289,ES,EUR,SPAIN,10
Proveedor 268,RECIBO,1X60,PROV1291,ES,EUR,SPAIN,10
Proveedor 269,RECIBO,1X60,PROV1293,ES,EUR,SPAIN,10
Proveedor 270,RECIBO,15DIAS,PROV1294,ES,EUR,SPAIN,10
Proveedor 271,TRANSFE.,1X30,PROV1295,ES,EUR,SPAIN,10
Proveedor 272,RECIBO,1X30,PROV1296,ES,EUR,SPAIN,10
Proveedor 273,TRANSFE.,1X90,PROV1299,ES,EUR,SPAIN,10
Proveedor 274,TRANSFE.,1X90,PROV1304,ES,EUR,SPAIN,10
Proveedor 275,RECIBO,1X90,PROV1309,ES,EUR,SPAIN,10
Proveedor 277,RECIBO,1X90,PROV1312,ES,EUR,SPAIN,10
Proveedor 279,RECIBO,1X30,PROV1316,ES,EUR,SPAIN,10
Proveedor 280,TRANSFE.,1X30,PROV1318,ES,EUR,SPAIN,10
Proveedor 281,RECIBO,1X60,PROV1323,ES,EUR,SPAIN,10
Proveedor 282,RECIBO,1X75,PROV1324,ES,EUR,SPAIN,10
Proveedor 283,RECIBO,1X90,PROV1326,ES,EUR,SPAIN,10
Proveedor 284,RECIBO,1X60,PROV1328,ES,EUR,SPAIN,10
Proveedor 285,RECIBO,1X30,PROV1330,ES,EUR,SPAIN,10
Proveedor 286,RECIBO,1X60,PROV1331,ES,EUR,SPAIN,10
Proveedor 288,RECIBO,1X60,PROV1334,ES,EUR,SPAIN,10
Proveedor 290,RECIBO,1X30,PROV1337,ES,EUR,SPAIN,10
Proveedor 293,RECIBO,1X30,PROV1343,ES,EUR,SPAIN,10
Proveedor 296,RECIBO,1X90,PROV1348,ES,EUR,SPAIN,10
Proveedor 297,RECIBO,1X90,PROV1349,ES,EUR,SPAIN,10
Proveedor 299,RECIBO,1X60,PROV1352,ES,EUR,SPAIN,10
Proveedor 300,RECIBO,1X30,PROV1354,ES,EUR,SPAIN,10
Proveedor 301,RECIBO,1X60,PROV1355,ES,EUR,SPAIN,10
Proveedor 302,RECIBO,1X90,PROV1356,ES,EUR,SPAIN,10
Proveedor 303,RECIBO,1X30,PROV1357,ES,EUR,SPAIN,10
Proveedor 305,TRANSFE.,1X60,PROV1360,IE,EUR,OTHER_EU,20
Proveedor 310,RECIBO,1X30,PROV1376,ES,EUR,SPAIN,10
Proveedor 311,RECIBO,1X30,PROV1378,ES,EUR,SPAIN,10
Proveedor 312,RECIBO,1X60,PROV1379,ES,EUR,SPAIN,10
Proveedor 313,RECIBO,1X90,PROV1380,ES,EUR,SPAIN,10
Proveedor 314,RECIBO,1X30,PROV1382,ES,EUR,SPAIN,10
Proveedor 315,TRANSFE.,1X90,PROV1383,ES,EUR,SPAIN,10
Proveedor 316,RECIBO,1X30,PROV1384,ES,EUR,SPAIN,10
Proveedor 317,RECIBO,1X30,PROV1387,ES,EUR,SPAIN,10
Proveedor 318,RECIBO,1X30,PROV1388,ES,EUR,SPAIN,10
Proveedor 323,RECIBO,1X90,PROV1399,ES,EUR,SPAIN,10
Proveedor 325,RECIBO,1X90,PROV1401,ES,EUR,SPAIN,10
Proveedor 326,RECIBO,1X90,PROV1402,ES,EUR,SPAIN,10
Proveedor 328,RECIBO,15DIAS,PROV1404,ES,EUR,SPAIN,10
Proveedor 329,TRANSFE.,1X45,PROV1405,SG,USD,NON_EU,45
Proveedor 331,RECIBO,1X30,PROV1407,ES,EUR,SPAIN,10
Proveedor 332,TRANSFE.,1X30,PROV1408,ES,EUR,SPAIN,10
Proveedor 333,RECIBO,1X90,PROV1409,ES,EUR,SPAIN,10
Proveedor 335,TRANSFE.,1X60,PROV1414,ES,EUR,SPAIN,10
Proveedor 336,RECIBO,1X90,PROV1422,ES,EUR,SPAIN,10
Proveedor 337,RECIBO,1X90,PROV1423,ES,EUR,SPAIN,10
Proveedor 338,RECIBO,1X90,PROV1424,ES,EUR,SPAIN,10
Proveedor 340,RECIBO,1X90,PROV1426,ES,EUR,SPAIN,10
Proveedor 342,RECIBO,1X30,PROV1429,ES,EUR,SPAIN,10
Proveedor 344,RECIBO,1X90,PROV1433,ES,EUR,SPAIN,10
Proveedor 345,RECIBO,1X30,PROV1435,ES,EUR,SPAIN,10
Proveedor 346,RECIBO,15DIAS,PROV1437,ES,EUR,SPAIN,10
Proveedor 349,RECIBO,1X60,PROV1441,ES,EUR,SPAIN,10
Proveedor 351,RECIBO,1X75,PROV1443,ES,EUR,SPAIN,10
Proveedor 352,RECIBO,1X60,PROV1444,ES,EUR,SPAIN,10
Proveedor 355,RECIBO,1X30,PROV1447,ES,EUR,SPAIN,10
Proveedor 356,TRANSFE.,1X60,PROV1448,ES,EUR,SPAIN,10
Proveedor 357,TRANSFE.,1X60,PROV1449,ES,EUR,SPAIN,10
Proveedor 358,TRANSFE.,1X30,PROV1450,ES,EUR,SPAIN,10
Proveedor 359,RECIBO,1X60 D25,PROV1452,ES,EUR,SPAIN,10
Proveedor 363,RECIBO,1X30,PROV1457,ES,EUR,SPAIN,10
Proveedor 367,RECIBO,1X90,PROV1463,ES,EUR,SPAIN,10
Proveedor 368,RECIBO,1X60,PROV1465,ES,EUR,SPAIN,10
Proveedor 377,RECIBO,ADELANTADO,PROV1476,ES,EUR,SPAIN,10
Proveedor 381,RECIBO,1X30,PROV1480,ES,EUR,SPAIN,10
Proveedor 383,RECIBO,1X30,PROV1482,ES,EUR,SPAIN,10
Proveedor 385,RECIBO,1X75,PROV1484,ES,EUR,SPAIN,10
Proveedor 386,TRANSFE.,1X90,PROV1485,IE,EUR,OTHER_EU,20
Proveedor 388,RECIBO,1X30,PROV1488,ES,EUR,SPAIN,10
Proveedor 390,RECIBO,1X90,PROV1490,ES,EUR,SPAIN,10
Proveedor 393,RECIBO,1X90,PROV1493,ES,EUR,SPAIN,10
Proveedor 399,TRANS_FRAC,2X30BL,PROV1499,JO,USD,NON_EU,45
Proveedor 401,RECIBO,1X75,PROV1502,ES,EUR,SPAIN,10
Proveedor 402,RECIBO,15DIAS,PROV1503,ES,EUR,SPAIN,10
Proveedor 405,RECIBO,1X60,PROV1506,ES,EUR,SPAIN,10
Proveedor 409,RECIBO,1X60,PROV1510,ES,EUR,SPAIN,10
Proveedor 413,RECIBO,1X90,PROV1515,ES,EUR,SPAIN,10
Proveedor 424,RECIBO,1X30,PROV1527,ES,EUR,SPAIN,10
Proveedor 428,RECIBO,1X90,PROV1531,ES,EUR,SPAIN,10
Proveedor 430,RECIBO,1X30,PROV1533,ES,EUR,SPAIN,10
Proveedor 435,RECIBO,1X90,PROV1538,ES,EUR,SPAIN,10
Proveedor 441,RECIBO,1X90,PROV1545,ES,EUR,SPAIN,10
Proveedor 442,TRANSFE.,1X85,PROV1546,ES,EUR,SPAIN,10
Proveedor 443,RECIBO,1X60,PROV1547,ES,EUR,SPAIN,10
Proveedor 445,RECIBO,1X85,PROV1549,ES,EUR,SPAIN,10
Proveedor 451,RECIBO,1X90,PROV1556,ES,EUR,SPAIN,10
Proveedor 453,TRANSFE.,1X60,PROV1558,ES,EUR,SPAIN,10
Proveedor 457,TRANSFE.,1X60,PROV1562,IN,USD,NON_EU,45
Proveedor 470,RECIBO,1X75,PROV1576,ES,EUR,SPAIN,10
Proveedor 475,TRANSFE.,1X30,PROV1581,ES,EUR,SPAIN,10
Proveedor 476,TRANSFE.,1X30,PROV1582,ES,EUR,SPAIN,10
Proveedor 477,RECIBO,1X30,PROV1583,ES,EUR,SPAIN,10
Proveedor 478,RECIBO,1X60,PROV1584,ES,EUR,SPAIN,10
Proveedor 480,RECIBO,3X20AD,PROV1586,ES,EUR,SPAIN,10
Proveedor 493,RECIBO,1X75,PROV1599,ES,EUR,SPAIN,10
Proveedor 497,RECIBO,1X60,PROV1604,ES,EUR,SPAIN,10
Proveedor 504,RECIBO,1X60,PROV1611,ES,EUR,SPAIN,10
Proveedor 523,RECIBO,1X60,PROV1634,ES,EUR,SPAIN,10
Proveedor 535,RECIBO,1X60,PROV1646,ES,EUR,SPAIN,10
Proveedor 551,RECIBO,1X30,PROV1662,ES,EUR,SPAIN,10
Proveedor 554,RECIBO,1X60,PROV1665,ES,EUR,SPAIN,10
Proveedor 562,RECIBO,1X60,PROV1674,ES,EUR,SPAIN,10
Proveedor 569,RECIBO,1X30,PROV1681,ES,EUR,SPAIN,10
Proveedor 570,TRANSFE.,ADELANTADO,PROV1682,AE,USD,NON_EU,45
Proveedor 586,RECIBO,1X60,PROV1723,ES,EUR,SPAIN,10
Proveedor 593,TRANSFE.,1X60,PROV1734,ES,EUR,SPAIN,10
Proveedor 603,TRANSFE.,1X45,PROV1756,IN,USD,NON_EU,45
Proveedor 621,RECIBO,1X90,PROV1774,ES,EUR,SPAIN,10
Proveedor 660,TRANSFE.,1X60,PROV1815,ES,EUR,SPAIN,10
Proveedor 685,RECIBO,1X60,PROV1845,ES,EUR,SPAIN,10
Proveedor 705,RECIBO,1X30,PROV1868,ES,EUR,SPAIN,10
Proveedor 761,RECIBO,1X60,PROV1931,ES,EUR,SPAIN,10
Proveedor 804,TRANSFE.,1X60,PROV1976,IN,USD,NON_EU,45
Proveedor 913,RECIBO,1X30,PROV2087,ES,EUR,SPAIN,10
Proveedor 977,RECIBO,1X30,PROV2151,ES,EUR,SPAIN,10
Proveedor 94,TRANSFE.,1X30,PROV41000826,ES,EUR,SPAIN,10
Proveedor 100,TRANSFE.,ADELANTADO,PROV41000889,ES,EUR,SPAIN,10
Proveedor 141,TRANSFE.,ADELANTADO,PROV41001425,ES,EUR,SPAIN,10
Proveedor 155,TRANSFE.,1X60,PROV41001521,ES,EUR,SPAIN,10
Proveedor 392,RECIBO,ADELANTADO,PROV1492,ES,EUR,SPAIN,10
Proveedor 615,RECIBO,VISTA,PROV1768,ES,EUR,SPAIN,10
Proveedor 1,VISA,ADELANTADO,PROV1888,CN,USD,NON_EU,45
Proveedor 1,RECIBO,ADELANTADO,PROV1977,ES,EUR,SPAIN,10
Proveedor 1,VISA,ADELANTADO,PROV2297,PE,USD,NON_EU,45
Proveedor 3,RECIBO,1X60,PROV1830,ES,EUR,SPAIN,10
Proveedor 4,TRANSFE.,ADELANTADO,PROV1961,ES,EUR,SPAIN,10
Proveedor 6,RECIBO,1X30,PROV1928,ES,EUR,SPAIN,10
Proveedor 7,RECIBO,1X60,PROV1795,ES,EUR,SPAIN,10
Proveedor 7,,,PROV1885,ES,EUR,SPAIN,10
Proveedor 8,TRANSFE.,1X30,PROV1827,ES,EUR,SPAIN,10
Proveedor 8,TRANSFE.,ADELANTADO,PROV1895,ES,EUR,SPAIN,10
Proveedor 9,RECIBO,1X60,PROV1872,ES,EUR,SPAIN,10
Proveedor 9,RECIBO,1X60,PROV2155,ES,EUR,SPAIN,10
Proveedor 10,RECIBO,ADELANTADO,PROV1887,ES,EUR,SPAIN,10
Proveedor 10,RECIBO,ADELANTADO,PROV1963,ES,EUR,SPAIN,10
Proveedor 11,RECIBO,1X45,PROV1988,ES,EUR,SPAIN,10
Proveedor 11,RECIBO,1X45,PROV2158,ES,EUR,SPAIN,10
Proveedor 46,RECIBO,1X60,PROV41000110,ES,EUR,SPAIN,10
Proveedor 112,,,PROV41001020,ES,EUR,SPAIN,10
Proveedor 144,RECIBO,15DIAS,PROV41001437,ES,EUR,SPAIN,10
Proveedor 168,RECIBO,1X60,PROV1008,ES,EUR,SPAIN,10
Proveedor 233,TRANSFE.,ADELANTADO,PROV1200,ES,EUR,SPAIN,10
Proveedor 259,RECIBO,1X30,PROV1270,ES,EUR,SPAIN,10
Proveedor 307,TRANSFE.,ADELANTADO,PROV1364,ES,EUR,SPAIN,10
Proveedor 507,TRANSFE.,ADELANTADO,PROV1615,ES,EUR,SPAIN,10
Proveedor 571,RECIBO,1X30,PROV1685,ES,EUR,SPAIN,10
Proveedor 574,TRANSFE.,1X30,PROV1688,ES,EUR,SPAIN,10
Proveedor 576,TRANSFE.,10DIAS,PROV1690,ES,EUR,SPAIN,10
Proveedor 577,TRANSFE.,3X30,PROV1692,CN,USD,NON_EU,45
Proveedor 578,TRANSFE.,ADELANTADO,PROV1694,ES,EUR,SPAIN,10
Proveedor 579,CONTADO,ADELANTADO,PROV1698,ES,EUR,SPAIN,10
Proveedor 580,TRANSFE.,ADELANTADO,PROV1701,ES,EUR,SPAIN,10
Proveedor 581,TRANSFE.,1X60,PROV1714,ES,EUR,SPAIN,10
Proveedor 582,TRANSFE.,1X30,PROV1715,ES,EUR,SPAIN,10
Proveedor 583,TRANSFE.,ADELANTADO,PROV1716,CN,USD,NON_EU,45
Proveedor 584,TRANSFE.,1X60,PROV1718,CN,USD,NON_EU,45
Proveedor 585,RECIBO,1X30,PROV1720,ES,EUR,SPAIN,10
Proveedor 588,RECIBO,1X30,PROV1725,ES,EUR,SPAIN,10
Proveedor 589,TRANSFE.,1X30,PROV1728,ES,EUR,SPAIN,10
Proveedor 592,TRANSFE.,1X30,PROV1733,CH,USD,NON_EU,45
Proveedor 594,TRANSFE.,ADELANTADO,PROV1735,ES,EUR,SPAIN,10
Proveedor 595,TRANSFE.,1X60,PROV1736,ES,EUR,SPAIN,10
Proveedor 596,TRANSFE.,ADELANTADO,PROV1737,CH,USD,NON_EU,45
Proveedor 597,RECIBO,1X30,PROV1741,ES,EUR,SPAIN,10
Proveedor 598,RECIBO,1X60,PROV1750,ES,EUR,SPAIN,10
Proveedor 599,TRANSFE.,ADELANTADO,PROV1751,ES,EUR,SPAIN,10
Proveedor 600,TRANSFE.,1X30,PROV1752,ES,EUR,SPAIN,10
Proveedor 601,TRANSFE.,ADELANTADO,PROV1753,ES,EUR,SPAIN,10
Proveedor 604,TRANSFE.,ADELANTADO,PROV1757,ES,EUR,SPAIN,10
Proveedor 605,GIRO,1X60,PROV1758,ES,EUR,SPAIN,10
Proveedor 606,RECIBO,1X60,PROV1759,ES,EUR,SPAIN,10
Proveedor 607,TRANSFE.,ADELANTADO,PROV1760,ES,EUR,SPAIN,10
Proveedor 608,TRANSFE.,1X60,PROV1761,ES,EUR,SPAIN,10
Proveedor 609,,2X30AD,PROV1762,CH,USD,NON_EU,45
Proveedor 610,RECIBO,15DIAS,PROV1763,ES,EUR,SPAIN,10
Proveedor 611,RECIBO,1X60,PROV1764,ES,EUR,SPAIN,10
Proveedor 612,TRANSFE.,ADELANTADO,PROV1765,ES,EUR,SPAIN,10
Proveedor 613,TRANSFE.,ADELANTADO,PROV1766,ES,EUR,SPAIN,10
Proveedor 614,TRANSFE.,1X30,PROV1767,ES,EUR,SPAIN,10
Proveedor 616,TRANSFE.,ADELANTADO,PROV1769,ES,EUR,SPAIN,10
Proveedor 617,RECIBO,1X60,PROV1770,ES,EUR,SPAIN,10
Proveedor 618,RECIBO,1X60,PROV1771,ES,EUR,SPAIN,10
Proveedor 619,RECIBO,1X60,PROV1772,ES,EUR,SPAIN,10
Proveedor 620,RECIBO,ADELANTADO,PROV1773,ES,EUR,SPAIN,10
Proveedor 622,TRANSFE.,1X60,PROV1775,MX,USD,NON_EU,45
Proveedor 623,RECIBO,ADELANTADO,PROV1776,ES,EUR,SPAIN,10
Proveedor 624,RECIBO,1X60,PROV1777,ES,EUR,SPAIN,10
Proveedor 625,RECIBO,1X30,PROV1778,ES,EUR,SPAIN,10
Proveedor 626,RECIBO,1X60,PROV1779,ES,EUR,SPAIN,10
Proveedor 627,TRANSFE.,1X30,PROV1780,ES,EUR,SPAIN,10
Proveedor 628,RECIBO,1X60,PROV1781,ES,EUR,SPAIN,10
Proveedor 629,TRANSFE.,ADELANTADO,PROV1782,ES,EUR,SPAIN,10
Proveedor 630,RECIBO,1X30,PROV1783,ES,EUR,SPAIN,10
Proveedor 631,TRANSFE.,ADELANTADO,PROV1784,CN,USD,NON_EU,45
Proveedor 632,RECIBO,1X30,PROV1785,ES,EUR,SPAIN,10
Proveedor 633,RECIBO,1X75,PROV1786,ES,EUR,SPAIN,10
Proveedor 634,TRANSFE.,ADELANTADO,PROV1787,ES,EUR,SPAIN,10
Proveedor 635,TRANSFE.,ADELANTADO,PROV1788,CN,USD,NON_EU,45
Proveedor 636,RECIBO,1X60,PROV1789,ES,EUR,SPAIN,10
Proveedor 637,TRANSFE.,ADELANTADO,PROV1790,ES,EUR,SPAIN,10
Proveedor 638,TRANSFE.,1X30,PROV1791,ES,EUR,SPAIN,10
Proveedor 639,TRANSFE.,1X30,PROV1792,ES,EUR,SPAIN,10
Proveedor 640,TRANSFE.,ADELANTADO,PROV1793,ES,EUR,SPAIN,10
Proveedor 641,TRANSFE.,ADELANTADO,PROV1794,ES,EUR,SPAIN,10
Proveedor 642,RECIBO,1X30,PROV1796,ES,EUR,SPAIN,10
Proveedor 643,TRANSFE.,ADELANTADO,PROV1797,ES,EUR,SPAIN,10
Proveedor 644,TRANSFE.,ADELANTADO,PROV1798,CH,USD,NON_EU,45
Proveedor 645,RECIBO,1X60,PROV1799,ES,EUR,SPAIN,10
Proveedor 646,TRANSFE.,ADELANTADO,PROV1800,ES,EUR,SPAIN,10
Proveedor 647,TRANSFE.,1X30,PROV1801,ES,EUR,SPAIN,10
Proveedor 648,RECIBO,1X30,PROV1802,ES,EUR,SPAIN,10
Proveedor 649,TRANSFE.,ADELANTADO,PROV1803,ES,EUR,SPAIN,10
Proveedor 650,TRANSFE.,ADELANTADO,PROV1804,ES,EUR,SPAIN,10
Proveedor 651,CONTADO,ADELANTADO,PROV1805,ES,EUR,SPAIN,10
Proveedor 652,TRANSFE.,ADELANTADO,PROV1806,CH,USD,NON_EU,45
Proveedor 653,TRANSFE.,ADELANTADO,PROV1807,ES,EUR,SPAIN,10
Proveedor 654,RECIBO,ADELANTADO,PROV1809,ES,EUR,SPAIN,10
Proveedor 656,RECIBO,1X30,PROV1811,ES,EUR,SPAIN,10
Proveedor 657,RECIBO,1X60,PROV1812,ES,EUR,SPAIN,10
Proveedor 658,RECIBO,1X30,PROV1813,ES,EUR,SPAIN,10
Proveedor 659,CONTADO,ADELANTADO,PROV1814,ES,EUR,SPAIN,10
Proveedor 661,TRANSFE.,2X30%BL,PROV1816,CH,USD,NON_EU,45
Proveedor 662,TRANSFE.,15DIAS,PROV1817,ES,EUR,SPAIN,10
Proveedor 663,TRANSFE.,1X60,PROV1818,ES,EUR,SPAIN,10
Proveedor 664,TRANSFE.,ADELANTADO,PROV1819,ES,EUR,SPAIN,10
Proveedor 665,TRANSFE.,1X60,PROV1820,ES,EUR,SPAIN,10
Proveedor 666,TRANSFE.,ADELANTADO,PROV1821,ES,EUR,SPAIN,10
Proveedor 667,TRANSFE.,ADELANTADO,PROV1822,ES,EUR,SPAIN,10
Proveedor 668,TRANSFE.,ADELANTADO,PROV1823,ES,EUR,SPAIN,10
Proveedor 669,TRANSFE.,ADELANTADO,PROV1824,ES,EUR,SPAIN,10
Proveedor 670,TRANSFE.,ADELANTADO,PROV1825,ES,EUR,SPAIN,10
Proveedor 671,TRANSFE.,ADELANTADO,PROV1826,ES,EUR,SPAIN,10
Proveedor 672,RECIBO,1X60,PROV1828,ES,EUR,SPAIN,10
Proveedor 673,RECIBO,ADELANTADO,PROV1829,ES,EUR,SPAIN,10
Proveedor 674,RECIBO,ADELANTADO,PROV1831,ES,EUR,SPAIN,10
Proveedor 675,CONTADO,ADELANTADO,PROV1832,ES,EUR,SPAIN,10
Proveedor 677,TRANSFE.,1X30,PROV1834,CH,USD,NON_EU,45
Proveedor 678,TRANSFE.,ADELANTADO,PROV1835,ES,EUR,SPAIN,10
Proveedor 679,RECIBO,ADELANTADO,PROV1836,ES,EUR,SPAIN,10
Proveedor 680,TRANSFE.,1X30,PROV1837,CN,USD,NON_EU,45
Proveedor 681,BANCO,1X30,PROV1838,ES,EUR,SPAIN,10
Proveedor 682,BANCO,1X60 D25,PROV1839,ES,EUR,SPAIN,10
Proveedor 683,TRANSFE.,ADELANTADO,PROV1840,CN,USD,NON_EU,45
Proveedor 684,TRANSFE.,1X60,PROV1844,ES,EUR,SPAIN,10
Proveedor 686,RECIBO,1X60,PROV1846,ES,EUR,SPAIN,10
Proveedor 687,TRANSFE.,1X60,PROV1847,ES,EUR,SPAIN,10
Proveedor 688,TRANSFE.,ADELANTADO,PROV1848,ES,EUR,SPAIN,10
Proveedor 689,TRANSFE.,ADELANTADO,PROV1850,ES,EUR,SPAIN,10
Proveedor 690,BANCO,ADELANTADO,PROV1851,ES,EUR,SPAIN,10
Proveedor 691,RECIBO,VISTA,PROV1852,ES,EUR,SPAIN,10
Proveedor 692,TRANSFE.,1X30,PROV1854,CH,USD,NON_EU,45
Proveedor 693,TRANSFE.,1X60,PROV1855,ES,EUR,SPAIN,10
Proveedor 694,CONTADO,ADELANTADO,PROV1856,ES,EUR,SPAIN,10
Proveedor 695,BANCO,VISTA,PROV1858,ES,EUR,SPAIN,10
Proveedor 696,RECIBO,1X60,PROV1859,ES,EUR,SPAIN,10
Proveedor 697,TRANSFE.,ADELANTADO,PROV1860,ES,EUR,SPAIN,10
Proveedor 698,RECIBO,ADELANTADO,PROV1861,ES,EUR,SPAIN,10
Proveedor 700,TRANSFE.,VISTA,PROV1863,CN,USD,NON_EU,45
Proveedor 701,RECIBO,1X30,PROV1864,ES,EUR,SPAIN,10
Proveedor 702,TRANSFE.,ADELANTADO,PROV1865,ES,EUR,SPAIN,10
Proveedor 703,RECIBO,1X60,PROV1866,ES,EUR,SPAIN,10
Proveedor 704,TRANSFE.,1X30,PROV1867,ES,EUR,SPAIN,10
Proveedor 706,RECIBO,1X30,PROV1869,ES,EUR,SPAIN,10
Proveedor 708,TRANSFE.,ADELANTADO,PROV1871,ES,EUR,SPAIN,10
Proveedor 709,TRANSFE.,1X30,PROV1873,ES,EUR,SPAIN,10
Proveedor 710,TRANSFE.,1X30,PROV1874,CH,USD,NON_EU,45
Proveedor 711,TRANSFE.,1X30,PROV1875,CH,USD,NON_EU,45
Proveedor 712,RECIBO,15DIAS,PROV1876,ES,EUR,SPAIN,10
Proveedor 713,TRANSFE.,ADELANTADO,PROV1877,ES,EUR,SPAIN,10
Proveedor 714,RECIBO,1X60,PROV1878,ES,EUR,SPAIN,10
Proveedor 715,GIRO,1X60,PROV1879,ES,EUR,SPAIN,10
Proveedor 716,CAJA,ADELANTADO,PROV1880,ES,EUR,SPAIN,10
Proveedor 717,TRANSFE.,ADELANTADO,PROV1881,ES,EUR,SPAIN,10
Proveedor 718,TRANSFE.,ADELANTADO,PROV1882,ES,EUR,SPAIN,10
Proveedor 719,CONTADO,ADELANTADO,PROV1883,ES,EUR,SPAIN,10
Proveedor 720,TRANSFE.,ADELANTADO,PROV1884,ES,EUR,SPAIN,10
Proveedor 721,RECIBO,1X60,PROV1886,ES,EUR,SPAIN,10
Proveedor 722,RECIBO,1X30,PROV1889,ES,EUR,SPAIN,10
Proveedor 723,TRANSFE.,ADELANTADO,PROV1890,ES,EUR,SPAIN,10
Proveedor 724,TRANSFE.,ADELANTADO,PROV1891,ES,EUR,SPAIN,10
Proveedor 725,RECIBO,ADELANTADO,PROV1892,ES,EUR,SPAIN,10
Proveedor 726,RECIBO,1X30,PROV1893,ES,EUR,SPAIN,10
Proveedor 727,RECIBO,1X30,PROV1894,ES,EUR,SPAIN,10
Proveedor 728,TRANSFE.,ADELANTADO,PROV1896,ES,EUR,SPAIN,10
Proveedor 729,TRANSFE.,ADELANTADO,PROV1897,IN,USD,NON_EU,45
Proveedor 730,RECIBO,ADELANTADO,PROV1898,ES,EUR,SPAIN,10
Proveedor 731,RECIBO,1X60,PROV1899,ES,EUR,SPAIN,10
Proveedor 732,GIRO,1X30,PROV1900,ES,EUR,SPAIN,10
Proveedor 733,TRANSFE.,ADELANTADO,PROV1901,AE,USD,NON_EU,45
Proveedor 734,TRANSFE.,1X30,PROV1902,ES,EUR,SPAIN,10
Proveedor 735,TRANSFE.,ADELANTADO,PROV1903,ES,EUR,SPAIN,10
Proveedor 736,TRANSFE.,ADELANTADO,PROV1904,ES,EUR,SPAIN,10
Proveedor 737,CONTADO,ADELANTADO,PROV1905,ES,EUR,SPAIN,10
Proveedor 738,TRANSFE.,ADELANTADO,PROV1906,ES,EUR,SPAIN,10
Proveedor 739,TRANSFE.,1X60,PROV1907,ES,EUR,SPAIN,10
Proveedor 740,TRANSFE.,ADELANTADO,PROV1909,ES,EUR,SPAIN,10
Proveedor 741,TRANSFE.,1X60,PROV1910,ES,EUR,SPAIN,10
Proveedor 742,TRANSFE.,ADELANTADO,PROV1911,ES,EUR,SPAIN,10
Proveedor 743,TRANSFE.,ADELANTADO,PROV1912,ES,EUR,SPAIN,10
Proveedor 744,TRANSFE.,ADELANTADO,PROV1913,ES,EUR,SPAIN,10
Proveedor 745,RECIBO,1X60,PROV1914,ES,EUR,SPAIN,10
Proveedor 746,RECIBO,1X30,PROV1915,ES,EUR,SPAIN,10
Proveedor 747,RECIBO,1X30,PROV1916,ES,EUR,SPAIN,10
Proveedor 748,TRANSFE.,ADELANTADO,PROV1917,ES,EUR,SPAIN,10
Proveedor 749,TRANSFE.,ADELANTADO,PROV1918,ES,EUR,SPAIN,10
Proveedor 750,TRANSFE.,ADELANTADO,PROV1919,ES,EUR,SPAIN,10
Proveedor 751,TRANSFE.,ADELANTADO,PROV1920,ES,EUR,SPAIN,10
Proveedor 752,TRANSFE.,ADELANTADO,PROV1921,ES,EUR,SPAIN,10
Proveedor 753,GIRO,1X45,PROV1922,ES,EUR,SPAIN,10
Proveedor 754,TRANSFE.,ADELANTADO,PROV1923,ES,EUR,SPAIN,10
Proveedor 755,TRANSFE.,ADELANTADO,PROV1924,ES,EUR,SPAIN,10
Proveedor 756,CONTADO,ADELANTADO,PROV1925,ES,EUR,SPAIN,10
Proveedor 757,RECIBO,1X60,PROV1926,ES,EUR,SPAIN,10
Proveedor 758,RECIBO,ADELANTADO,PROV1927,ES,EUR,SPAIN,10
Proveedor 759,TRANSFE.,ADELANTADO,PROV1929,ES,EUR,SPAIN,10
Proveedor 760,RECIBO,ADELANTADO,PROV1930,ES,EUR,SPAIN,10
Proveedor 762,TRANSFE.,1X30,PROV1932,ES,EUR,SPAIN,10
Proveedor 763,TRANSFE.,ADELANTADO,PROV1933,ES,EUR,SPAIN,10
Proveedor 764,RECIBO,1X60,PROV1934,ES,EUR,SPAIN,10
Proveedor 765,TRANSFE.,2X30,PROV1935,ES,EUR,SPAIN,10
Proveedor 766,TRANSFE.,1X45D B/L,PROV1936,CH,USD,NON_EU,45
Proveedor 767,RECIBO,ADELANTADO,PROV1937,ES,EUR,SPAIN,10
Proveedor 768,RECIBO,1X45,PROV1938,ES,EUR,SPAIN,10
Proveedor 769,TRANSFE.,ADELANTADO,PROV1939,ES,EUR,SPAIN,10
Proveedor 770,TRANSFE.,1X0D,PROV1940,CH,USD,NON_EU,45
Proveedor 771,TRANSFE.,1X30,PROV1941,ES,EUR,SPAIN,10
Proveedor 772,TRANSFE.,ADELANTADO,PROV1942,ES,EUR,SPAIN,10
Proveedor 773,TRANSFE.,ADELANTADO,PROV1943,ES,EUR,SPAIN,10
Proveedor 774,RECIBO,1X30,PROV1944,ES,EUR,SPAIN,10
Proveedor 775,TRANSFE.,ADELANTADO,PROV1945,ES,EUR,SPAIN,10
Proveedor 776,TRANSFE.,ADELANTADO,PROV1946,ES,EUR,SPAIN,10
Proveedor 777,TRANSFE.,ADELANTADO,PROV1947,ES,EUR,SPAIN,10
Proveedor 778,,,PROV1948,CH,USD,NON_EU,45
Proveedor 779,TRANSFE.,ADELANTADO,PROV1949,ES,EUR,SPAIN,10
Proveedor 780,TRANSFE.,ADELANTADO,PROV1950,ES,EUR,SPAIN,10
Proveedor 781,RECIBO,ADELANTADO,PROV1951,ES,EUR,SPAIN,10
Proveedor 782,TRANSFE.,1X30,PROV1952,ES,EUR,SPAIN,10
Proveedor 783,TRANSFE.,ADELANTADO,PROV1953,ES,EUR,SPAIN,10
Proveedor 784,TRANSFE.,ADELANTADO,PROV1954,ES,EUR,SPAIN,10
Proveedor 785,RECIBO,1X60,PROV1955,ES,EUR,SPAIN,10
Proveedor 786,TRANSFE.,1X60,PROV1956,ES,EUR,SPAIN,10
Proveedor 787,TRANSFE.,1X60,PROV1957,ES,EUR,SPAIN,10
Proveedor 788,TRANSFE.,ADELANTADO,PROV1958,ES,EUR,SPAIN,10
Proveedor 789,CONTADO,ADELANTADO,PROV1959,ES,EUR,SPAIN,10
Proveedor 790,RECIBO,1X30,PROV1960,ES,EUR,SPAIN,10
Proveedor 791,RECIBO,ADELANTADO,PROV1962,ES,EUR,SPAIN,10
Proveedor 792,TRANSFE.,1X0D,PROV1964,CH,USD,NON_EU,45
Proveedor 793,RECIBO,1X60,PROV1965,ES,EUR,SPAIN,10
Proveedor 794,TRANSFE.,ADELANTADO,PROV1966,ES,EUR,SPAIN,10
Proveedor 795,TRANSFE.,1X30,PROV1967,ES,EUR,SPAIN,10
Proveedor 796,TRANSFE.,1X0D,PROV1968,CH,USD,NON_EU,45
Proveedor 797,CONTADO,ADELANTADO,PROV1969,ES,EUR,SPAIN,10
Proveedor 798,TRANSFE.,1X60,PROV1970,ES,EUR,SPAIN,10
Proveedor 799,TRANSFE.,ADELANTADO,PROV1971,CN,USD,NON_EU,45
Proveedor 800,TRANSFE.,ADELANTADO,PROV1972,ES,EUR,SPAIN,10
Proveedor 801,TRANSFE.,ADELANTADO,PROV1973,ES,EUR,SPAIN,10
Proveedor 802,TRANSFE.,ADELANTADO,PROV1974,ES,EUR,SPAIN,10
Proveedor 803,CONTADO,ADELANTADO,PROV1975,ES,EUR,SPAIN,10
Proveedor 805,TRANSFE.,1X30,PROV1978,ES,EUR,SPAIN,10
Proveedor 806,RECIBO,1X60,PROV1979,ES,EUR,SPAIN,10
Proveedor 807,CONTADO,ADELANTADO,PROV1980,ES,EUR,SPAIN,10
Proveedor 808,CONTADO,ADELANTADO,PROV1981,ES,EUR,SPAIN,10
Proveedor 809,CONTADO,ADELANTADO,PROV1982,ES,EUR,SPAIN,10
Proveedor 810,CONTADO,ADELANTADO,PROV1983,CN,USD,NON_EU,45
Proveedor 811,TRANSFE.,1X30,PROV1984,MX,USD,NON_EU,45
Proveedor 812,TRANSFE.,ADELANTADO,PROV1985,ES,EUR,SPAIN,10
Proveedor 813,CAJA,ADELANTADO,PROV1986,ES,EUR,SPAIN,10
Proveedor 814,TRANSFE.,ADELANTADO,PROV1987,ES,EUR,SPAIN,10
Proveedor 815,RECIBO,ADELANTADO,PROV1989,ES,EUR,SPAIN,10
Proveedor 816,RECIBO,ADELANTADO,PROV1990,ES,EUR,SPAIN,10
Proveedor 817,TRANSFE.,ADELANTADO,PROV1991,ES,EUR,SPAIN,10
Proveedor 818,RECIBO,1X30,PROV1992,ES,EUR,SPAIN,10
Proveedor 819,RECIBO,1X30,PROV1993,ES,EUR,SPAIN,10
Proveedor 820,TRANSFE.,ADELANTADO,PROV1994,ES,EUR,SPAIN,10
Proveedor 821,TRANSFE.,ADELANTADO,PROV1995,CN,USD,NON_EU,45
Proveedor 822,RECIBO,1X30,PROV1996,ES,EUR,SPAIN,10
Proveedor 823,RECIBO,1X30,PROV1997,ES,EUR,SPAIN,10
Proveedor 824,RECIBO,1X30,PROV1998,ES,EUR,SPAIN,10
Proveedor 825,RECIBO,1X60,PROV1999,ES,EUR,SPAIN,10
Proveedor 826,TRANSFE.,ADELANTADO,PROV2000,ES,EUR,SPAIN,10
Proveedor 827,TRANSFE.,ADELANTADO,PROV2001,ES,EUR,SPAIN,10
Proveedor 828,RECIBO,1X30,PROV2002,ES,EUR,SPAIN,10
Proveedor 829,TRANSFE.,ADELANTADO,PROV2003,ES,EUR,SPAIN,10
Proveedor 830,TRANSFE.,ADELANTADO,PROV2004,ES,EUR,SPAIN,10
Proveedor 831,RECIBO,1X60,PROV2005,ES,EUR,SPAIN,10
Proveedor 832,RECIBO,1X30,PROV2006,ES,EUR,SPAIN,10
Proveedor 833,TRANSFE.,ADELANTADO,PROV2007,ES,EUR,SPAIN,10
Proveedor 834,CONTADO,ADELANTADO,PROV2008,ES,EUR,SPAIN,10
Proveedor 835,TRANSFE.,2X30AD,PROV2009,ES,EUR,SPAIN,10
Proveedor 836,TRANSFE.,ADELANTADO,PROV2010,ES,EUR,SPAIN,10
Proveedor 837,RECIBO,ADELANTADO,PROV2011,ES,EUR,SPAIN,10
Proveedor 838,RECIBO,1X30,PROV2012,ES,EUR,SPAIN,10
Proveedor 839,TRANSFE.,1X30,PROV2013,ES,EUR,SPAIN,10
Proveedor 840,RECIBO,1X30,PROV2014,ES,EUR,SPAIN,10
Proveedor 841,RECIBO,1X30,PROV2015,ES,EUR,SPAIN,10
Proveedor 842,CONTADO,ADELANTADO,PROV2016,HU,EUR,OTHER_EU,20
Proveedor 843,TRANSFE.,1X30,PROV2017,CH,USD,NON_EU,45
Proveedor 844,RECIBO,ADELANTADO,PROV2018,ES,EUR,SPAIN,10
Proveedor 845,TRANSFE.,ADELANTADO,PROV2019,ES,EUR,SPAIN,10
Proveedor 846,TRANSFE.,ADEL/APLA,PROV2020,ES,EUR,SPAIN,10
Proveedor 847,TRANSFE.,1X60,PROV2021,ES,EUR,SPAIN,10
Proveedor 848,TRANSFE.,ADELANTADO,PROV2022,ES,EUR,SPAIN,10
Proveedor 849,RECIBO,ADELANTADO,PROV2023,ES,EUR,SPAIN,10
Proveedor 850,RECIBO,1X30,PROV2024,ES,EUR,SPAIN,10
Proveedor 851,RECIBO,1X30,PROV2025,ES,EUR,SPAIN,10
Proveedor 852,RECIBO,1X60,PROV2026,ES,EUR,SPAIN,10
Proveedor 854,CONTADO,ADELANTADO,PROV2028,ES,EUR,SPAIN,10
Proveedor 855,RECIBO,1X60,PROV2029,ES,EUR,SPAIN,10
Proveedor 856,RECIBO,1X60,PROV2030,ES,EUR,SPAIN,10
Proveedor 857,RECIBO,1X60,PROV2031,ES,EUR,SPAIN,10
Proveedor 858,TRANSFE.,ADELANTADO,PROV2032,ES,EUR,SPAIN,10
Proveedor 859,TRANSFE.,1X30,PROV2033,ES,EUR,SPAIN,10
Proveedor 860,TRANSFE.,1X30,PROV2034,ES,EUR,SPAIN,10
Proveedor 862,TRANSFE.,2X30A,PROV2036,ES,EUR,SPAIN,10
Proveedor 863,CONTADO,ADELANTADO,PROV2037,ES,EUR,SPAIN,10
Proveedor 864,TRANSFE.,ADELANTADO,PROV2038,ES,EUR,SPAIN,10
Proveedor 865,CONTADO,ADELANTADO,PROV2039,ES,EUR,SPAIN,10
Proveedor 866,TRANSFE.,2X30%BL,PROV2040,ES,EUR,SPAIN,10
Proveedor 867,TRANSFE.,ADELANTADO,PROV2041,ES,EUR,SPAIN,10
Proveedor 868,RECIBO,ADELANTADO,PROV2042,ES,EUR,SPAIN,10
Proveedor 869,TRANSFE.,1X30,PROV2043,ES,EUR,SPAIN,10
Proveedor 870,RECIBO,1X60,PROV2044,ES,EUR,SPAIN,10
Proveedor 871,TRANSFE.,ADELANTADO,PROV2045,ES,EUR,SPAIN,10
Proveedor 872,TRANSFE.,1X60,PROV2046,ES,EUR,SPAIN,10
Proveedor 873,TRANSFE.,30/70,PROV2047,ES,EUR,SPAIN,10
Proveedor 874,TRANSFE.,ADELANTADO,PROV2048,ES,EUR,SPAIN,10
Proveedor 875,TRANSFE.,ADELANTADO,PROV2049,ES,EUR,SPAIN,10
Proveedor 876,TRANSFE.,ADELANTADO,PROV2050,ES,EUR,SPAIN,10
Proveedor 877,TRANSFE.,-,PROV2051,ES,EUR,SPAIN,10
Proveedor 878,CONTADO,ADELANTADO,PROV2052,ES,EUR,SPAIN,10
Proveedor 879,CONTADO,ADELANTADO,PROV2053,CN,USD,NON_EU,45
Proveedor 880,TRANSFE.,ADELANTADO,PROV2054,PT,EUR,OTHER_EU,20
Proveedor 881,TRANSFE.,ADELANTADO,PROV2055,FR,EUR,OTHER_EU,20
Proveedor 882,TRANSFE.,1X60,PROV2056,ES,EUR,SPAIN,10
Proveedor 883,RECIBO,1X60,PROV2057,ES,EUR,SPAIN,10
Proveedor 884,TRANSFE.,ADELANTADO,PROV2058,ES,EUR,SPAIN,10
Proveedor 885,RECIBO,1X60,PROV2059,ES,EUR,SPAIN,10
Proveedor 886,VISA,ADELANTADO,PROV2060,IE,EUR,OTHER_EU,20
Proveedor 887,TRANSFE.,ADELANTADO,PROV2061,ES,EUR,SPAIN,10
Proveedor 888,TRANSFE.,ADELANTADO,PROV2062,ES,EUR,SPAIN,10
Proveedor 890,VISA,ADELANTADO,PROV2064,ES,EUR,SPAIN,10
Proveedor 891,VISA,ADELANTADO,PROV2065,ES,EUR,SPAIN,10
Proveedor 892,TRANSFE.,ADELANTADO,PROV2066,ES,EUR,SPAIN,10
Proveedor 893,RECIBO,1X60,PROV2067,ES,EUR,SPAIN,10
Proveedor 894,TRANSFE.,1X30,PROV2068,ES,EUR,SPAIN,10
Proveedor 895,RECIBO,1X75,PROV2069,ES,EUR,SPAIN,10
Proveedor 896,VISA,ADELANTADO,PROV2070,ES,EUR,SPAIN,10
Proveedor 897,VISA,ADELANTADO,PROV2071,ES,EUR,SPAIN,10
Proveedor 898,VISA,ADELANTADO,PROV2072,ES,EUR,SPAIN,10
Proveedor 899,TRANSFE.,1X60,PROV2073,ES,EUR,SPAIN,10
Proveedor 900,RECIBO,1X30,PROV2074,ES,EUR,SPAIN,10
Proveedor 901,VISA,ADELANTADO,PROV2075,ES,EUR,SPAIN,10
Proveedor 902,TRANSFE.,ADELANTADO,PROV2076,ES,EUR,SPAIN,10
Proveedor 904,VISA,ADELANTADO,PROV2078,ES,EUR,SPAIN,10
Proveedor 905,VISA,ADELANTADO,PROV2079,ES,EUR,SPAIN,10
Proveedor 906,CONTADO,ADELANTADO,PROV2080,ES,EUR,SPAIN,10
Proveedor 907,RECIBO,1X30,PROV2081,ES,EUR,SPAIN,10
Proveedor 908,RECIBO,ADELANTADO,PROV2082,ES,EUR,SPAIN,10
Proveedor 909,RECIBO,ADELANTADO,PROV2083,ES,EUR,SPAIN,10
Proveedor 910,RECIBO,ADELANTADO,PROV2084,ES,EUR,SPAIN,10
Proveedor 911,VISA,ADELANTADO,PROV2085,ES,EUR,SPAIN,10
Proveedor 912,RECIBO,1X30,PROV2086,ES,EUR,SPAIN,10
Proveedor 914,VISA,ADELANTADO,PROV2088,ES,EUR,SPAIN,10
Proveedor 915,TRANSFE.,ADELANTADO,PROV2089,ES,EUR,SPAIN,10
Proveedor 916,TRANSFE.,-,PROV2090,ES,EUR,SPAIN,10
Proveedor 917,TRANSFE.,ADELANTADO,PROV2091,ES,EUR,SPAIN,10
Proveedor 918,RECIBO,1X30,PROV2092,ES,EUR,SPAIN,10
Proveedor 919,TRANSFE.,1X60,PROV2093,ES,EUR,SPAIN,10
Proveedor 920,TRANSFE.,-,PROV2094,ES,EUR,SPAIN,10
Proveedor 921,TRANSFE.,ADELANTADO,PROV2095,ES,EUR,SPAIN,10
Proveedor 922,TRANSFE.,ADELANTADO,PROV2096,ES,EUR,SPAIN,10
Proveedor 923,TRANSFE.,30/70,PROV2097,ES,EUR,SPAIN,10
Proveedor 924,RECIBO,1X60,PROV2098,ES,EUR,SPAIN,10
Proveedor 925,TRANSFE.,ADELANTADO,PROV2099,ES,EUR,SPAIN,10
Proveedor 926,RECIBO,1X30,PROV2100,ES,EUR,SPAIN,10
Proveedor 927,TRANSFE.,ADELANTADO,PROV2101,ES,EUR,SPAIN,10
Proveedor 928,RECIBO,ADELANTADO,PROV2102,ES,EUR,SPAIN,10
Proveedor 929,TRANSFE.,1X30,PROV2103,ES,EUR,SPAIN,10
Proveedor 930,TRANSFE.,ADELANTADO,PROV2104,ES,EUR,SPAIN,10
Proveedor 931,TRANSFE.,1X30,PROV2105,ES,EUR,SPAIN,10
Proveedor 932,VISA,ADELANTADO,PROV2106,FR,EUR,OTHER_EU,20
Proveedor 933,VISA,ADELANTADO,PROV2107,ES,EUR,SPAIN,10
Proveedor 934,RECIBO,1X30,PROV2108,ES,EUR,SPAIN,10
Proveedor 935,TRANSFE.,ADELANTADO,PROV2109,ES,EUR,SPAIN,10
Proveedor 936,RECIBO,-,PROV2110,ES,EUR,SPAIN,10
Proveedor 937,RECIBO,ADELANTADO,PROV2111,ES,EUR,SPAIN,10
Proveedor 938,TRANSFE.,ADELANTADO,PROV2112,ES,EUR,SPAIN,10
Proveedor 939,TRANSFE.,ADEL/APLA,PROV2113,ES,EUR,SPAIN,10
Proveedor 940,RECIBO,1X30,PROV2114,ES,EUR,SPAIN,10
Proveedor 941,TRANSFE.,ADELANTADO,PROV2115,ES,EUR,SPAIN,10
Proveedor 942,TRANSFE.,ADELANTADO,PROV2116,ES,EUR,SPAIN,10
Proveedor 943,TRANSFE.,1X60,PROV2117,ES,EUR,SPAIN,10
Proveedor 944,TRANSFE.,1X30,PROV2118,ES,EUR,SPAIN,10
Proveedor 945,RECIBO,1X30,PROV2119,ES,EUR,SPAIN,10
Proveedor 946,TRANSFE.,-,PROV2120,ES,EUR,SPAIN,10
Proveedor 947,TRANSFE.,ADELANTADO,PROV2121,ES,EUR,SPAIN,10
Proveedor 948,RECIBO,-,PROV2122,ES,EUR,SPAIN,10
Proveedor 950,VISA,ADELANTADO,PROV2124,ES,EUR,SPAIN,10
Proveedor 951,TRANSFE.,ADELANTADO,PROV2125,ES,EUR,SPAIN,10
Proveedor 952,TRANSFE.,1X60,PROV2126,ES,EUR,SPAIN,10
Proveedor 953,CONTADO,ADELANTADO,PROV2127,ES,EUR,SPAIN,10
Proveedor 954,TRANSFE.,1X60 D25,PROV2128,ES,EUR,SPAIN,10
Proveedor 955,RECIBO,-,PROV2129,ES,EUR,SPAIN,10
Proveedor 956,RECIBO,1X30,PROV2130,ES,EUR,SPAIN,10
Proveedor 957,CONTADO,ADELANTADO,PROV2131,ES,EUR,SPAIN,10
Proveedor 958,VISA,ADELANTADO,PROV2132,ES,EUR,SPAIN,10
Proveedor 959,TRANSFE.,ADELANTADO,PROV2133,ES,EUR,SPAIN,10
Proveedor 960,RECIBO,1X30,PROV2134,ES,EUR,SPAIN,10
Proveedor 961,TRANSFE.,ADELANTADO,PROV2135,ES,EUR,SPAIN,10
Proveedor 962,RECIBO,1X60,PROV2136,ES,EUR,SPAIN,10
Proveedor 963,TRANSFE.,1X30,PROV2137,ES,EUR,SPAIN,10
Proveedor 964,TRANSFE.,-,PROV2138,ES,EUR,SPAIN,10
Proveedor 966,VISA,ADELANTADO,PROV2140,ES,EUR,SPAIN,10
Proveedor 967,RECIBO,1X30,PROV2141,ES,EUR,SPAIN,10
Proveedor 968,TRANSFE.,ADELANTADO,PROV2142,ES,EUR,SPAIN,10
Proveedor 969,TRANSFE.,-,PROV2143,ES,EUR,SPAIN,10
Proveedor 970,TRANSFE.,ADELANTADO,PROV2144,ES,EUR,SPAIN,10
Proveedor 971,RECIBO,1X30,PROV2145,ES,EUR,SPAIN,10
Proveedor 972,TRANSFE.,1X30,PROV2146,BE,EUR,OTHER_EU,20
Proveedor 973,VISA,ADELANTADO,PROV2147,ES,EUR,SPAIN,10
Proveedor 974,VISA,ADELANTADO,PROV2148,ES,EUR,SPAIN,10
Proveedor 975,TRANSFE.,ADELANTADO,PROV2149,ES,EUR,SPAIN,10
Proveedor 976,TRANSFE.,ADELANTADO,PROV2150,ES,EUR,SPAIN,10
Proveedor 978,TRANSFE.,1X30,PROV2152,ES,EUR,SPAIN,10
Proveedor 979,TRANSFE.,-,PROV2153,ES,EUR,SPAIN,10
Proveedor 980,TRANSFE.,-,PROV2154,ES,EUR,SPAIN,10
Proveedor 981,TRANSFE.,1X30,PROV2156,ES,EUR,SPAIN,10
Proveedor 982,TRANSFE.,ADELANTADO,PROV2157,ES,EUR,SPAIN,10
Proveedor 983,CONTADO,ADELANTADO,PROV2159,ES,EUR,SPAIN,10
Proveedor 984,RECIBO,1X60,PROV2160,ES,EUR,SPAIN,10
Proveedor 985,CONTADO,1X60,PROV2161,ES,EUR,SPAIN,10
Proveedor 986,RECIBO,1X30,PROV2162,ES,EUR,SPAIN,10
Proveedor 987,TRANSFE.,ADELANTADO,PROV2163,ES,EUR,SPAIN,10
Proveedor 988,TRANSFE.,1X30,PROV2164,CH,USD,NON_EU,45
Proveedor 989,TRANSFE.,-,PROV2165,ES,EUR,SPAIN,10
Proveedor 990,VISA,ADELANTADO,PROV2166,ES,EUR,SPAIN,10
Proveedor 991,VISA,ADELANTADO,PROV2167,ES,EUR,SPAIN,10
Proveedor 992,VISA,ADELANTADO,PROV2168,ES,EUR,SPAIN,10
Proveedor 993,VISA,ADELANTADO,PROV2169,ES,EUR,SPAIN,10
Proveedor 994,VISA,ADELANTADO,PROV2170,ES,EUR,SPAIN,10
Proveedor 995,VISA,ADELANTADO,PROV2171,ES,EUR,SPAIN,10
Proveedor 996,TRANSFE.,ADELANTADO,PROV2172,ES,EUR,SPAIN,10
Proveedor 997,VISA,ADELANTADO,PROV2173,ES,EUR,SPAIN,10
Proveedor 998,RECIBO,ADELANTADO,PROV2174,ES,EUR,SPAIN,10
Proveedor 999,VISA,ADELANTADO,PROV2175,ES,EUR,SPAIN,10
Proveedor 1000,VISA,ADELANTADO,PROV2176,ES,EUR,SPAIN,10
Proveedor 1001,RECIBO,1X60,PROV2177,ES,EUR,SPAIN,10
Proveedor 1003,RECIBO,1X60,PROV2179,ES,EUR,SPAIN,10
Proveedor 1004,VISA,ADELANTADO,PROV2180,TR,USD,NON_EU,45
Proveedor 1005,TRANSFE.,ADELANTADO,PROV2181,ES,EUR,SPAIN,10
Proveedor 1007,TRANSFE.,14DIAS,PROV2183,CN,USD,NON_EU,45
Proveedor 1008,TRANSFE.,-,PROV2184,ES,EUR,SPAIN,10
Proveedor 1009,CAJA,ADELANTADO,PROV2185,ES,EUR,SPAIN,10
Proveedor 1010,TRANSFE.,1X30,PROV2186,ES,EUR,SPAIN,10
Proveedor 1011,TRANSFE.,ADELANTADO,PROV2187,ES,EUR,SPAIN,10
Proveedor 1012,RECIBO,1X30,PROV2188,ES,EUR,SPAIN,10
Proveedor 1013,RECIBO,ADELANTADO,PROV2189,ES,EUR,SPAIN,10
Proveedor 1014,RECIBO,1X30,PROV2190,ES,EUR,SPAIN,10
Proveedor 1015,VISA,ADELANTADO,PROV2191,ES,EUR,SPAIN,10
Proveedor 1016,RECIBO,ADELANTADO,PROV2192,ES,EUR,SPAIN,10
Proveedor 1017,TRANSFE.,ADELANTADO,PROV2193,ES,EUR,SPAIN,10
Proveedor 1018,VISA,ADELANTADO,PROV2194,ES,EUR,SPAIN,10
Proveedor 1019,VISA,ADELANTADO,PROV2195,ES,EUR,SPAIN,10
Proveedor 1020,TRANSFE.,ADELANTADO,PROV2196,ES,EUR,SPAIN,10
Proveedor 1022,RECIBO,ADELANTADO,PROV2198,ES,EUR,SPAIN,10
Proveedor 1023,TRANSFE.,-,PROV2199,ES,EUR,SPAIN,10
Proveedor 1024,CONTADO,ADELANTADO,PROV2200,ES,EUR,SPAIN,10
Proveedor 1025,TRANSFE.,-,PROV2201,CN,USD,NON_EU,45
Proveedor 1026,RECIBO,ADELANTADO,PROV2202,ES,EUR,SPAIN,10
Proveedor 1027,RECIBO,ADELANTADO,PROV2203,ES,EUR,SPAIN,10
Proveedor 1028,RECIBO,ADELANTADO,PROV2204,ES,EUR,SPAIN,10
Proveedor 1029,TRANSFE.,ADELANTADO,PROV2205,ES,EUR,SPAIN,10
Proveedor 1030,TRANSFE.,1X60,PROV2206,ES,EUR,SPAIN,10
Proveedor 1031,RECIBO,1X30,PROV2207,ES,EUR,SPAIN,10
Proveedor 1032,TRANSFE.,ADELANTADO,PROV2208,ES,EUR,SPAIN,10
Proveedor 1033,VISA,ADELANTADO,PROV2209,ES,EUR,SPAIN,10
Proveedor 1034,TRANSFE.,-,PROV2210,ES,EUR,SPAIN,10
Proveedor 1035,VISA,ADELANTADO,PROV2211,ES,EUR,SPAIN,10
Proveedor 1036,VISA,ADELANTADO,PROV2212,ES,EUR,SPAIN,10
Proveedor 1037,CONTADO,ADELANTADO,PROV2213,ES,EUR,SPAIN,10
Proveedor 1038,RECIBO,1X45,PROV2214,ES,EUR,SPAIN,10
Proveedor 1039,VISA,ADELANTADO,PROV2215,ES,EUR,SPAIN,10
Proveedor 1040,VISA,ADELANTADO,PROV2216,ES,EUR,SPAIN,10
Proveedor 1041,VISA,ADELANTADO,PROV2217,CN,USD,NON_EU,45
Proveedor 1042,TRANSFE.,-,PROV2218,ES,EUR,SPAIN,10
Proveedor 1043,TRANSFE.,1X30,PROV2219,ES,EUR,SPAIN,10
Proveedor 1044,VISA,ADELANTADO,PROV2220,ES,EUR,SPAIN,10
Proveedor 1045,VISA,ADELANTADO,PROV2221,ES,EUR,SPAIN,10
Proveedor 1046,VISA,ADELANTADO,PROV2222,ES,EUR,SPAIN,10
Proveedor 1047,VISA,ADELANTADO,PROV2223,ES,EUR,SPAIN,10
Proveedor 1048,VISA,ADELANTADO,PROV2224,RU,USD,NON_EU,45
Proveedor 1049,VISA,ADELANTADO,PROV2225,ES,EUR,SPAIN,10
Proveedor 1050,VISA,ADELANTADO,PROV2226,ES,EUR,SPAIN,10
Proveedor 1051,VISA,ADELANTADO,PROV2227,ES,EUR,SPAIN,10
Proveedor 1052,VISA,ADELANTADO,PROV2228,ES,EUR,SPAIN,10
Proveedor 1053,VISA,ADELANTADO,PROV2229,ES,EUR,SPAIN,10
Proveedor 1054,VISA,ADELANTADO,PROV2230,ES,EUR,SPAIN,10
Proveedor 1055,RECIBO,1X45,PROV2231,ES,EUR,SPAIN,10
Proveedor 1056,CAJA,ADELANTADO,PROV2232,ES,EUR,SPAIN,10
Proveedor 1057,CONTADO,ADELANTADO,PROV2233,ES,EUR,SPAIN,10
Proveedor 1058,TRANSFE.,ADELANTADO,PROV2234,ES,EUR,SPAIN,10
Proveedor 1059,RECIBO,1X45,PROV2235,ES,EUR,SPAIN,10
Proveedor 1060,VISA,ADELANTADO,PROV2236,ES,EUR,SPAIN,10
Proveedor 1061,RECIBO,1X60,PROV2237,ES,EUR,SPAIN,10
Proveedor 1062,RECIBO,1X30,PROV2238,ES,EUR,SPAIN,10
Proveedor 1063,TRANSFE.,ADELANTADO,PROV2239,ES,EUR,SPAIN,10
Proveedor 1064,RECIBO,1X30,PROV2240,ES,EUR,SPAIN,10
Proveedor 1066,TRANSFE.,1X60,PROV2242,ES,EUR,SPAIN,10
Proveedor 1067,TRANSFE.,1X30,PROV2243,ES,EUR,SPAIN,10
Proveedor 1068,TRANSFE.,-,PROV2244,ES,EUR,SPAIN,10
Proveedor 1069,VISA,ADELANTADO,PROV2245,ES,EUR,SPAIN,10
Proveedor 1070,TRANSFE.,10DIAS,PROV2246,ES,EUR,SPAIN,10
Proveedor 1071,TRANSFE.,1X60,PROV2247,ES,EUR,SPAIN,10
Proveedor 1072,CONTADO,ADELANTADO,PROV2248,ES,EUR,SPAIN,10
Proveedor 1073,VISA,ADELANTADO,PROV2249,FR,EUR,OTHER_EU,20
Proveedor 1074,VISA,ADELANTADO,PROV2250,ES,EUR,SPAIN,10
Proveedor 1075,TRANSFE.,ADELANTADO,PROV2251,CN,USD,NON_EU,45
Proveedor 1076,TRANSFE.,1X30,PROV2252,ES,EUR,SPAIN,10
Proveedor 1077,CONTADO,ADELANTADO,PROV2253,ES,EUR,SPAIN,10
Proveedor 1078,TRANSFE.,1X30,PROV2254,ES,EUR,SPAIN,10
Proveedor 1079,TRANSFE.,1X30,PROV2255,ES,EUR,SPAIN,10
Proveedor 1080,TRANSFE.,20DIAS,PROV2256,CH,USD,NON_EU,45
Proveedor 1081,TRANSFE.,1X30,PROV2257,ES,EUR,SPAIN,10
Proveedor 1082,TRANSFE.,ADELANTADO,PROV2258,ES,EUR,SPAIN,10
Proveedor 1083,TRANSFE.,ADELANTADO,PROV2259,PT,EUR,OTHER_EU,20
Proveedor 1084,TRANSFE.,ADELANTADO,PROV2260,ES,EUR,SPAIN,10
Proveedor 1085,RECIBO,1X60,PROV2261,ES,EUR,SPAIN,10
Proveedor 1086,TRANSFE.,1X30,PROV2262,ES,EUR,SPAIN,10
Proveedor 1087,VISA,ADELANTADO,PROV2263,ES,EUR,SPAIN,10
Proveedor 1088,VISA,ADELANTADO,PROV2264,ES,EUR,SPAIN,10
Proveedor 1089,VISA,ADELANTADO,PROV2265,ES,EUR,SPAIN,10
Proveedor 1090,VISA,ADELANTADO,PROV2266,ES,EUR,SPAIN,10
Proveedor 1091,VISA,ADELANTADO,PROV2267,ES,EUR,SPAIN,10
Proveedor 1092,VISA,ADELANTADO,PROV2268,ES,EUR,SPAIN,10
Proveedor 1093,VISA,ADELANTADO,PROV2269,ES,EUR,SPAIN,10
Proveedor 1094,VISA,ADELANTADO,PROV2270,ES,EUR,SPAIN,10
Proveedor 1095,VISA,ADELANTADO,PROV2271,ES,EUR,SPAIN,10
Proveedor 1096,VISA,ADELANTADO,PROV2272,ES,EUR,SPAIN,10
Proveedor 1097,VISA,ADELANTADO,PROV2273,MX,USD,NON_EU,45
Proveedor 1098,VISA,ADELANTADO,PROV2274,ES,EUR,SPAIN,10
Proveedor 1099,RECIBO,1X30,PROV2275,ES,EUR,SPAIN,10
Proveedor 1100,VISA,ADELANTADO,PROV2276,ES,EUR,SPAIN,10
Proveedor 1101,RECIBO,1X30,PROV2277,ES,EUR,SPAIN,10
Proveedor 1102,RECIBO,1X30,PROV2278,ES,EUR,SPAIN,10
Proveedor 1103,VISA,ADELANTADO,PROV2279,ES,EUR,SPAIN,10
Proveedor 1104,VISA,ADELANTADO,PROV2280,ES,EUR,SPAIN,10
Proveedor 1105,VISA,ADELANTADO,PROV2281,ES,EUR,SPAIN,10
Proveedor 1106,TRANSFE.,1X0D,PROV2282,CH,USD,NON_EU,45
Proveedor 1107,TRANSFE.,1X0D,PROV2283,CH,USD,NON_EU,45
Proveedor 1108,CONTADO,ADELANTADO,PROV2284,ES,EUR,SPAIN,10
Proveedor 1109,CONTADO,ADELANTADO,PROV2285,ES,EUR,SPAIN,10
Proveedor 1110,VISA,ADELANTADO,PROV2286,ES,EUR,SPAIN,10
Proveedor 1111,TRANSFE.,ADELANTADO,PROV2287,ES,EUR,SPAIN,10
Proveedor 1113,VISA,ADELANTADO,PROV2289,ES,EUR,SPAIN,10
Proveedor 1114,VISA,ADELANTADO,PROV2290,ES,EUR,SPAIN,10
Proveedor 1115,VISA,ADELANTADO,PROV2291,ES,EUR,SPAIN,10
Proveedor 1116,VISA,ADEL/APLA,PROV2292,ES,EUR,SPAIN,10
Proveedor 1117,TRANSFE.,ADELANTADO,PROV2293,ES,EUR,SPAIN,10
Proveedor 1118,TRANSFE.,ADELANTADO,PROV2294,ES,EUR,SPAIN,10
Proveedor 1119,RECIBO,1X60,PROV2295,ES,EUR,SPAIN,10
Proveedor 1120,RECIBO,15DIAS,PROV2296,ES,EUR,SPAIN,10
Proveedor 1121,RECIBO,ADELANTADO,PROV2298,ES,EUR,SPAIN,10
Proveedor 1122,TRANSFE.,1X60,PROV2299,ES,EUR,SPAIN,10
Proveedor 1123,RECIBO,ADELANTADO,PROV2300,ES,EUR,SPAIN,10
Proveedor 1124,TRANSFE.,1X30,PROV2301,ES,EUR,SPAIN,10
Proveedor 1125,TRANSFE.,ADELANTADO,PROV2302,ES,EUR,SPAIN,10
Proveedor 1126,VISA,ADELANTADO,PROV2303,CN,USD,NON_EU,45
Proveedor 1127,TRANSFE.,ADELANTADO,PROV2304,ES,EUR,SPAIN,10
Proveedor 1128,TRANSFE.,ADELANTADO,PROV2305,PE,USD,NON_EU,45
Proveedor 1130,TRANSFE.,ADELANTADO,PROV2307,ES,EUR,SPAIN,10
Proveedor 1131,RECIBO,ADELANTADO,PROV2308,ES,EUR,SPAIN,10
Proveedor 1132,TRANSFE.,1X30,PROV2309,ES,EUR,SPAIN,10
Proveedor 1133,TRANSFE.,1X30,PROV2310,ES,EUR,SPAIN,10
Proveedor 1134,TRANSFE.,1X0D,PROV2311,SA,USD,NON_EU,45
Proveedor 1135,CAJA,ADELANTADO,PROV2312,ES,EUR,SPAIN,10
Proveedor 1136,CAJA,ADELANTADO,PROV2313,ES,EUR,SPAIN,10
Proveedor 1137,CAJA,ADELANTADO,PROV2314,ES,EUR,SPAIN,10
Proveedor 1138,VISA,ADELANTADO,PROV2315,ES,EUR,SPAIN,10
Proveedor 1139,VISA,ADELANTADO,PROV2316,FR,EUR,OTHER_EU,20
Proveedor 1140,VISA,ADELANTADO,PROV2317,ES,EUR,SPAIN,10
Proveedor 1141,TRANSFE.,1X0D,PROV2318,CH,USD,NON_EU,45
Proveedor 1142,TRANSFE.,1X60,PROV2319,ES,EUR,SPAIN,10
Proveedor 1143,RECIBO,1X60,PROV2320,ES,EUR,SPAIN,10
Proveedor 1144,TRANSFE.,1X30,PROV2321,ES,EUR,SPAIN,10
Proveedor 1145,TRANSFE.,1X30,PROV2323,ES,EUR,SPAIN,10
Proveedor 1146,TRANSFE.,ADELANTADO,PROV2324,ES,EUR,SPAIN,10
Proveedor 1147,CONTADO,ADELANTADO,PROV2325,ES,EUR,SPAIN,10
Proveedor 1148,RECIBO,1X30,PROV2326,ES,EUR,SPAIN,10
Proveedor 1149,VISA,ADELANTADO,PROV2327,HU,EUR,OTHER_EU,20
Proveedor 1150,RECIBO,1X60,PROV2328,ES,EUR,SPAIN,10
Proveedor 1151,TRANSFE.,ADELANTADO,PROV2329,ES,EUR,SPAIN,10
Proveedor 1152,VISA,ADELANTADO,PROV2330,ES,EUR,SPAIN,10
Proveedor 1153,TRANSFE.,1X30,PROV2331,ES,EUR,SPAIN,10
Proveedor 1154,TRANSFE.,1X45,PROV2332,AE,USD,NON_EU,45
Proveedor 1155,TRANSFE.,ADELANTADO,PROV2333,FR,EUR,OTHER_EU,20
Proveedor 1156,TRANSFE.,1X60,PROV2334,ES,EUR,SPAIN,10
Proveedor 1157,RECIBO,1X30,PROV2335,ES,EUR,SPAIN,10
Proveedor 1158,TRANSFE.,ADELANTADO,PROV2336,ES,EUR,SPAIN,10
Proveedor 1159,TRANSFE.,1X30,PROV2337,ES,EUR,SPAIN,10
Proveedor 1160,TRANSFE.,1X30,PROV2338,ES,EUR,SPAIN,10
Proveedor 1162,VISA,ADELANTADO,PROV2340,ES,EUR,SPAIN,10
Proveedor 1163,RECIBO,1X30,PROV2341,ES,EUR,SPAIN,10
Proveedor 1164,TRANSFE.,ADELANTADO,PROV2342,ES,EUR,SPAIN,10
Proveedor 1165,TRANSFE.,2X,PROV2343,KR,USD,NON_EU,45
Proveedor 1166,CAJA,ADELANTADO,PROV2344,ES,EUR,SPAIN,10
Proveedor 1167,TRANSFE.,1X60,PROV2345,ES,EUR,SPAIN,10
Proveedor 1168,TRANSFE.,ADELANTADO,PROV2346,ES,EUR,SPAIN,10
Proveedor 1169,TRANSFE.,ADELANTADO,PROV2347,KR,USD,NON_EU,45
Proveedor 1170,TRANSFE.,ADELANTADO,PROV2348,ES,EUR,SPAIN,10
Proveedor 1171,TRANSFE.,1X30,PROV2349,ES,EUR,SPAIN,10
Proveedor 1172,RECIBO,1X30,PROV2350,ES,EUR,SPAIN,10
Proveedor 1173,TRANSFE.,ADELANTADO,PROV2351,ES,EUR,SPAIN,10
Proveedor 1174,RECIBO,1X30,PROV2352,ES,EUR,SPAIN,10
Proveedor 1175,RECIBO,1X60,PROV2353,ES,EUR,SPAIN,10
Proveedor 1176,VISA,ADELANTADO,PROV2354,ES,EUR,SPAIN,10
Proveedor 1178,TRANSFE.,15DIAS,PROV2356,ES,EUR,SPAIN,10
Proveedor 1179,GIRO,1X30,PROV2357,ES,EUR,SPAIN,10
Proveedor 1180,TRANSFE.,ADELANTADO,PROV2358,ES,EUR,SPAIN,10
Proveedor 1181,RECIBO,1X30,PROV2359,ES,EUR,SPAIN,10
Proveedor 1182,VISA,ADELANTADO,PROV2360,ES,EUR,SPAIN,10
Proveedor 1183,RECIBO,1X60,PROV2361,ES,EUR,SPAIN,10
Proveedor 1184,VISA,ADELANTADO,PROV2362,ES,EUR,SPAIN,10
Proveedor 1185,VISA,ADELANTADO,PROV2363,CN,USD,NON_EU,45
Proveedor 1186,VISA,ADELANTADO,PROV2364,ES,EUR,SPAIN,10
Proveedor 1187,TRANSFE.,ADELANTADO,PROV2365,ES,EUR,SPAIN,10
Proveedor 1189,VISA,ADELANTADO,PROV2367,CH,USD,NON_EU,45
Proveedor 1190,RECIBO,15DIAS,PROV2368,ES,EUR,SPAIN,10
Proveedor 1191,RECIBO,1X60,PROV2369,ES,EUR,SPAIN,10
Proveedor 1193,VISA,ADELANTADO,PROV2371,ES,EUR,SPAIN,10
Proveedor 1194,VISA,ADELANTADO,PROV2372,SE,EUR,OTHER_EU,20
Proveedor 1196,TRANSFE.,1X75,PROV2374,IT,EUR,OTHER_EU,20
Proveedor 1197,VISA,ADELANTADO,PROV2375,ES,EUR,SPAIN,10
Proveedor 1198,VISA,ADELANTADO,PROV2376,ES,EUR,SPAIN,10
Proveedor 1199,TRANSFE.,1X30,PROV2377,ES,EUR,SPAIN,10
Proveedor 1200,TRANSFE.,ADELANTADO,PROV2378,ES,EUR,SPAIN,10
Proveedor 1201,VISA,ADELANTADO,PROV2379,ES,EUR,SPAIN,10
Proveedor 1202,VISA,ADELANTADO,PROV2380,ES,EUR,SPAIN,10
Proveedor 1203,RECIBO,1X60,PROV2381,ES,EUR,SPAIN,10
Proveedor 1204,CONTADO,ADELANTADO,PROV2382,ES,EUR,SPAIN,10
Proveedor 1205,VISA,ADELANTADO,PROV2383,FR,EUR,OTHER_EU,20
Proveedor 1206,TRANSFE.,2XADE,PROV2384,CH,USD,NON_EU,45
Proveedor 1207,RECIBO,1X30,PROV2385,ES,EUR,SPAIN,10
Proveedor 1208,TRANSFE.,ADELANTADO,PROV2386,ES,EUR,SPAIN,10
Proveedor 1209,CAJA,ADELANTADO,PROV2387,ES,EUR,SPAIN,10
Proveedor 1210,RECIBO,1X60,PROV2388,ES,EUR,SPAIN,10
Proveedor 1212,TRANSFE.,1X30,PROV2390,ES,EUR,SPAIN,10
Proveedor 2,TRANSFE.,ADELANTADO,PROV41000008,ES,EUR,SPAIN,10
Proveedor 2,TRANSFE.,ADELANTADO,PROV1575,ES,EUR,SPAIN,10
Proveedor 5,TRANSFE.,ADELANTADO,PROV1511,CN,USD,NON_EU,45
Proveedor 5,TRANSFE.,REPOSICION,PROV1625,IE,EUR,OTHER_EU,20
Proveedor 6,RECIBO,15DIAS,PROV1540,ES,EUR,SPAIN,10
Proveedor 25,RECIBO,1X90,PROV40001469,ES,EUR,SPAIN,10
Proveedor 38,RECIBO,1X60,PROV40002720,ES,EUR,SPAIN,10
Proveedor 39,TRANSFE.,ADELANTADO,PROV40200000,ES,EUR,SPAIN,10
Proveedor 40,TRANSFE.,ADELANTADO,PROV41000014,ES,EUR,SPAIN,10
Proveedor 41,TRANSFE.,ADELANTADO,PROV41000032,ES,EUR,SPAIN,10
Proveedor 42,TRANSFE.,ADELANTADO,PROV41000046,ES,EUR,SPAIN,10
Proveedor 43,TRANSFE.,ADELANTADO,PROV41000048,ES,EUR,SPAIN,10
Proveedor 44,TRANSFE.,ADELANTADO,PROV41000077,IN,USD,NON_EU,45
Proveedor 45,TRANSFE.,ADELANTADO,PROV41000104,ES,EUR,SPAIN,10
Proveedor 47,RECIBO,1X30,PROV41000116,ES,EUR,SPAIN,10
Proveedor 53,RECIBO,1X30,PROV41000175,ES,EUR,SPAIN,10
Proveedor 57,RECIBO,1X30,PROV41000199,ES,EUR,SPAIN,10
Proveedor 58,TALON,ADELANTADO,PROV41000205,ES,EUR,SPAIN,10
Proveedor 62,CAN PAGO A,ADELANTADO,PROV41000290,ES,EUR,SPAIN,10
Proveedor 65,TRANSFE.,ADELANTADO,PROV41000311,ES,EUR,SPAIN,10
Proveedor 66,RECIBO,1X30,PROV41000320,ES,EUR,SPAIN,10
Proveedor 69,TALON,ADELANTADO,PROV41000326,ES,EUR,SPAIN,10
Proveedor 81,TRANSFE.,ADELANTADO,PROV41000571,ES,EUR,SPAIN,10
Proveedor 83,TRANSFE.,1X30,PROV41000592,ES,EUR,SPAIN,10
Proveedor 85,TALON,ADELANTADO,PROV41000618,ES,EUR,SPAIN,10
Proveedor 87,RECIBO,ADELANTADO,PROV41000647,ES,EUR,SPAIN,10
Proveedor 89,RECIBO,ADELANTADO,PROV41000690,ES,EUR,SPAIN,10
Proveedor 92,TALON,ADELANTADO,PROV41000817,ES,EUR,SPAIN,10
Proveedor 95,TRANSFE.,ADELANTADO,PROV41000840,ES,EUR,SPAIN,10
Proveedor 97,TRANSFE.,ADELANTADO,PROV41000875,ES,EUR,SPAIN,10
Proveedor 99,RECIBO,1X30,PROV41000887,ES,EUR,SPAIN,10
Proveedor 107,RECIBO,15DIAS,PROV41000900,ES,EUR,SPAIN,10
Proveedor 108,CONTADO,ADELANTADO,PROV41000938,ES,EUR,SPAIN,10
Proveedor 109,TALON,ADELANTADO,PROV41000947,ES,EUR,SPAIN,10
Proveedor 113,RECIBO,ADELANTADO,PROV41001025,ES,EUR,SPAIN,10
Proveedor 118,TALON,ADELANTADO,PROV41001116,ES,EUR,SPAIN,10
Proveedor 134,TALON,ADELANTADO,PROV41001355,ES,EUR,SPAIN,10
Proveedor 135,TRANSFE.,ADELANTADO,PROV41001360,ES,EUR,SPAIN,10
Proveedor 137,TRANSFE.,ADELANTADO,PROV41001391,IN,USD,NON_EU,45
Proveedor 143,RECIBO,ADELANTADO,PROV41001436,ES,EUR,SPAIN,10
Proveedor 145,TRANSFE.,15DIAS,PROV41001457,ES,EUR,SPAIN,10
Proveedor 153,RECIBO,ADELANTADO,PROV41001500,ES,EUR,SPAIN,10
Proveedor 154,RECIBO,ADELANTADO,PROV41001501,ES,EUR,SPAIN,10
Proveedor 157,RECIBO,1X90,PROV41001524,ES,EUR,SPAIN,10
Proveedor 161,CONTADO,ADELANTADO,PROV41001693,ES,EUR,SPAIN,10
Proveedor 162,TRANSFE.,ADELANTADO,PROV41001696,ES,EUR,SPAIN,10
Proveedor 165,BANCO,1X60,PROV1003,CN,USD,NON_EU,45
Proveedor 184,RECIBO,ADELANTADO,PROV1069,ES,EUR,SPAIN,10
Proveedor 186,RECIBO,REPOSICION,PROV1075,ES,EUR,SPAIN,10
Proveedor 188,TRANSFE.,1X30,PROV1086,ES,EUR,SPAIN,10
Proveedor 191,TRANSFE.,ADELANTADO,PROV1090,NL,EUR,OTHER_EU,20
Proveedor 192,CONTADO,ADELANTADO,PROV1091,FR,EUR,OTHER_EU,20
Proveedor 193,TRANSFE.,ADELANTADO,PROV1093,ES,EUR,SPAIN,10
Proveedor 197,TRANSFE.,1X30,PROV1103,ES,EUR,SPAIN,10
Proveedor 202,TRANSFE.,1X60,PROV1122,PE,USD,NON_EU,45
Proveedor 205,RECIBO,1X30,PROV1126,ES,EUR,SPAIN,10
Proveedor 216,CONTADO,ADELANTADO,PROV1158,CH,USD,NON_EU,45
Proveedor 222,TRANSFE.,15DIAS,PROV1175,ES,EUR,SPAIN,10
Proveedor 231,RECIBO,ADELANTADO,PROV1196,ES,EUR,SPAIN,10
Proveedor 234,TRANSFE.,ADELANTADO,PROV1205,ES,EUR,SPAIN,10
Proveedor 235,TRANSFE.,ADELANTADO,PROV1206,ES,EUR,SPAIN,10
Proveedor 276,TRANSFE.,ADELANTADO,PROV1310,GB,EUR,OTHER_EU,20
Proveedor 278,TRANSFE.,ADELANTADO,PROV1314,ES,EUR,SPAIN,10
Proveedor 287,TRANSFE.,ADELANTADO,PROV1332,ES,EUR,SPAIN,10
Proveedor 289,TRANSFE.,1X30,PROV1335,ES,EUR,SPAIN,10
Proveedor 291,TRANSFE.,ADELANTADO,PROV1339,ES,EUR,SPAIN,10
Proveedor 292,TRANSFE.,ADELANTADO,PROV1340,ES,EUR,SPAIN,10
Proveedor 294,TRANSFE.,1X30,PROV1345,ES,EUR,SPAIN,10
Proveedor 295,TRANSFE.,1X90,PROV1346,CN,USD,NON_EU,45
Proveedor 298,TRANSFE.,1X30,PROV1350,CH,USD,NON_EU,45
Proveedor 304,TRANSFE.,1X60,PROV1359,ES,EUR,SPAIN,10
Proveedor 306,TRANSFE.,ADELANTADO,PROV1361,ES,EUR,SPAIN,10
Proveedor 308,RECIBO,ADELANTADO,PROV1367,ES,EUR,SPAIN,10
Proveedor 309,RECIBO,1X90,PROV1375,ES,EUR,SPAIN,10
Proveedor 319,TRANSFE.,ADELANTADO,PROV1390,ES,EUR,SPAIN,10
Proveedor 320,TRANSFE.,1X90,PROV1396,ES,EUR,SPAIN,10
Proveedor 321,TRANSFE.,1X45,PROV1397,PE,USD,NON_EU,45
Proveedor 322,CONFIRMING,10DIAS,PROV1398,CH,USD,NON_EU,45
Proveedor 324,TRANSFE.,7DIAS,PROV1400,ES,EUR,SPAIN,10
Proveedor 327,TRANSFE.,ADELANTADO,PROV1403,TR,USD,NON_EU,45
Proveedor 330,TRANSFE.,ADELANTADO,PROV1406,CH,USD,NON_EU,45
Proveedor 334,RECIBO,1X30,PROV1412,ES,EUR,SPAIN,10
Proveedor 339,TRANSFE.,ADELANTADO,PROV1425,KR,USD,NON_EU,45
Proveedor 341,TRANS_FRAC,1X0D,PROV1428,CH,USD,NON_EU,45
Proveedor 343,RECIBO,1X30,PROV1431,ES,EUR,SPAIN,10
Proveedor 347,TRANSFE.,ADELANTADO,PROV1438,ES,EUR,SPAIN,10
Proveedor 348,TRANSFE.,ADELANTADO,PROV1440,ES,EUR,SPAIN,10
Proveedor 350,TRANSFE.,14DIAS,PROV1442,ES,EUR,SPAIN,10
Proveedor 353,TRANSFE.,1X30,PROV1445,ES,EUR,SPAIN,10
Proveedor 354,CONTADO,ADELANTADO,PROV1446,ES,EUR,SPAIN,10
Proveedor 360,RECIBO,1X30,PROV1453,ES,EUR,SPAIN,10
Proveedor 361,RECIBO,1X30,PROV1454,ES,EUR,SPAIN,10
Proveedor 362,TRANSFE.,14DIAS,PROV1456,ES,EUR,SPAIN,10
Proveedor 364,TRANSFE.,2X30AD,PROV1458,CH,USD,NON_EU,45
Proveedor 365,TRANSFE.,1X30,PROV1461,PT,EUR,OTHER_EU,20
Proveedor 366,TRANSFE.,14DIAS,PROV1462,ES,EUR,SPAIN,10
Proveedor 369,CONTADO,ADELANTADO,PROV1467,ES,EUR,SPAIN,10
Proveedor 370,TRANSFE.,7DIAS,PROV1468,ES,EUR,SPAIN,10
Proveedor 371,CONTADO,REPOSICION,PROV1469,PL,EUR,OTHER_EU,20
Proveedor 372,RECIBO,1X30,PROV1470,ES,EUR,SPAIN,10
Proveedor 373,RECIBO,ADELANTADO,PROV1472,ES,EUR,SPAIN,10
Proveedor 374,RECIBO,ADELANTADO,PROV1473,ES,EUR,SPAIN,10
Proveedor 375,TRANS_FRAC,3X30AD,PROV1474,CH,USD,NON_EU,45
Proveedor 376,CONFIRMING,1X45,PROV1475,CH,USD,NON_EU,45
Proveedor 378,RECIBO,1X30,PROV1477,ES,EUR,SPAIN,10
Proveedor 379,RECIBO,14DIAS,PROV1478,ES,EUR,SPAIN,10
Proveedor 380,RECIBO,1X30,PROV1479,ES,EUR,SPAIN,10
Proveedor 382,TRANSFE.,ADELANTADO,PROV1481,ES,EUR,SPAIN,10
Proveedor 384,TRANSFE.,1X30,PROV1483,ES,EUR,SPAIN,10
Proveedor 387,TRANSFE.,ADELANTADO,PROV1487,ES,EUR,SPAIN,10
Proveedor 389,TRANS_FRAC,ADELANTADO,PROV1489,CH,USD,NON_EU,45
Proveedor 391,VISA,ADELANTADO,PROV1491,ES,EUR,SPAIN,10
Proveedor 394,TRANSFE.,1X30,PROV1494,MX,USD,NON_EU,45
Proveedor 395,TRANSFE.,1X30,PROV1495,ES,EUR,SPAIN,10
Proveedor 396,TRANSFE.,ADELANTADO,PROV1496,ES,EUR,SPAIN,10
Proveedor 397,RECIBO,1X30,PROV1497,ES,EUR,SPAIN,10
Proveedor 398,RECIBO,1X90,PROV1498,ES,EUR,SPAIN,10
Proveedor 400,TRANSFE.,1X30,PROV1501,JO,USD,NON_EU,45
Proveedor 403,TRANSFE.,1X30,PROV1504,ES,EUR,SPAIN,10
Proveedor 404,TRANSFE.,1X60,PROV1505,ES,EUR,SPAIN,10
Proveedor 406,TRANSFE.,ADELANTADO,PROV1507,ES,EUR,SPAIN,10
Proveedor 407,RECIBO,1X60,PROV1508,ES,EUR,SPAIN,10
Proveedor 408,TRANSFE.,1X30,PROV1509,CN,USD,NON_EU,45
Proveedor 410,TRANSFE.,ADELANTADO,PROV1512,ES,EUR,SPAIN,10
Proveedor 411,TRANS_FRAC,2X80,PROV1513,CH,USD,NON_EU,45
Proveedor 412,TRANSFE.,3X20AD,PROV1514,JO,USD,NON_EU,45
Proveedor 414,TRANSFE.,ADELANTADO,PROV1516,ES,EUR,SPAIN,10
Proveedor 415,TRANSFE.,ADELANTADO,PROV1517,ES,EUR,SPAIN,10
Proveedor 416,TRANSFE.,ADELANTADO,PROV1518,ES,EUR,SPAIN,10
Proveedor 417,TRANSFE.,1X30,PROV1519,ES,EUR,SPAIN,10
Proveedor 418,RECIBO,1X90,PROV1520,ES,EUR,SPAIN,10
Proveedor 419,CONTADO,ADELANTADO,PROV1522,ES,EUR,SPAIN,10
Proveedor 420,TRANSFE.,ADELANTADO,PROV1523,ES,EUR,SPAIN,10
Proveedor 421,CONTADO,REPOSICION,PROV1524,ES,EUR,SPAIN,10
Proveedor 422,RECIBO,1X30,PROV1525,ES,EUR,SPAIN,10
Proveedor 423,CONTADO,ADELANTADO,PROV1526,ES,EUR,SPAIN,10
Proveedor 427,CONTADO,ADELANTADO,PROV1530,ES,EUR,SPAIN,10
Proveedor 429,TRANSFE.,ADELANTADO,PROV1532,ES,EUR,SPAIN,10
Proveedor 431,TRANSFE.,ADELANTADO,PROV1534,ES,EUR,SPAIN,10
Proveedor 432,TRANS_FRAC,2X30AD,PROV1535,CH,USD,NON_EU,45
Proveedor 433,CONTADO,ADELANTADO,PROV1536,ES,EUR,SPAIN,10
Proveedor 434,TRANSFE.,1X60,PROV1537,ES,EUR,SPAIN,10
Proveedor 436,TRANSFE.,ADELANTADO,PROV1539,ES,EUR,SPAIN,10
Proveedor 437,RECIBO,15DIAS,PROV1541,ES,EUR,SPAIN,10
Proveedor 438,TRANSFE.,1X30,PROV1542,ES,EUR,SPAIN,10
Proveedor 439,TRANSFE.,ADELANTADO,PROV1543,CH,USD,NON_EU,45
Proveedor 440,RECIBO,1X30,PROV1544,ES,EUR,SPAIN,10
Proveedor 444,TRANSFE.,1X30,PROV1548,ES,EUR,SPAIN,10
Proveedor 446,TRANSFE.,ADELANTADO,PROV1550,ES,EUR,SPAIN,10
Proveedor 447,TRANS_FRAC,1X40 B/L,PROV1551,CH,USD,NON_EU,45
Proveedor 448,CONTADO,ADELANTADO,PROV1553,ES,EUR,SPAIN,10
Proveedor 449,RECIBO,ADELANTADO,PROV1554,ES,EUR,SPAIN,10
Proveedor 450,RECIBO,ADELANTADO,PROV1555,ES,EUR,SPAIN,10
Proveedor 452,TRANSFE.,ADELANTADO,PROV1557,ES,EUR,SPAIN,10
Proveedor 454,RECIBO,10DIAS,PROV1559,ES,EUR,SPAIN,10
Proveedor 455,RECIBO,15DIAS,PROV1560,CN,USD,NON_EU,45
Proveedor 456,TRANS_FRAC,4X30D,PROV1561,ES,EUR,SPAIN,10
Proveedor 458,TRANSFE.,ADELANTADO,PROV1563,ES,EUR,SPAIN,10
Proveedor 459,RECIBO,ADELANTADO,PROV1564,ES,EUR,SPAIN,10
Proveedor 460,TRANSFE.,ADELANTADO,PROV1565,ES,EUR,SPAIN,10
Proveedor 461,TRANSFE.,ADELANTADO,PROV1566,ES,EUR,SPAIN,10
Proveedor 462,CAJA,ADELANTADO,PROV1567,ES,EUR,SPAIN,10
Proveedor 463,RECIBO,1,PROV1568,ES,EUR,SPAIN,10
Proveedor 464,TRANSFE.,ADELANTADO,PROV1569,ES,EUR,SPAIN,10
Proveedor 465,RECIBO,ADELANTADO,PROV1570,ES,EUR,SPAIN,10
Proveedor 466,RECIBO,2X30A,PROV1571,ES,EUR,SPAIN,10
Proveedor 467,TRANSFE.,1X30,PROV1572,SG,USD,NON_EU,45
Proveedor 468,RECIBO,1X30,PROV1573,ES,EUR,SPAIN,10
Proveedor 469,TRANSFE.,1X60,PROV1574,SG,USD,NON_EU,45
Proveedor 471,TRANSFE.,1X60,PROV1577,TR,USD,NON_EU,45
Proveedor 472,TRANSFE.,1X30,PROV1578,ES,EUR,SPAIN,10
Proveedor 473,TRANSFE.,10DIAS,PROV1579,ES,EUR,SPAIN,10
Proveedor 474,TRANSFE.,ADELANTADO,PROV1580,ES,EUR,SPAIN,10
Proveedor 479,TRANSFE.,1X45,PROV1585,CH,USD,NON_EU,45
Proveedor 481,TRANSFE.,1X30,PROV1587,ES,EUR,SPAIN,10
Proveedor 482,TRANSFE.,1X30,PROV1588,ES,EUR,SPAIN,10
Proveedor 483,TRANSFE.,ADELANTADO,PROV1589,ES,EUR,SPAIN,10
Proveedor 484,TRANSFE.,ADELANTADO,PROV1590,ES,EUR,SPAIN,10
Proveedor 485,TRANSFE.,ADELANTADO,PROV1591,ES,EUR,SPAIN,10
Proveedor 486,RECIBO,1X30,PROV1592,DE,EUR,OTHER_EU,20
Proveedor 487,TRANSFE.,1X60,PROV1593,IN,USD,NON_EU,45
Proveedor 488,TRANSFE.,1X30,PROV1594,ES,EUR,SPAIN,10
Proveedor 489,CAN PAGO A,ADELANTADO,PROV1595,ES,EUR,SPAIN,10
Proveedor 490,DB,ADELANTADO,PROV1596,ES,EUR,SPAIN,10
Proveedor 491,TRANS_FRAC,1X45,PROV1597,CH,USD,NON_EU,45
Proveedor 492,TRANSFE.,1X30,PROV1598,ES,EUR,SPAIN,10
Proveedor 494,TRANSFE.,1X30,PROV1600,ES,EUR,SPAIN,10
Proveedor 495,TRANSFE.,ADELANTADO,PROV1602,ES,EUR,SPAIN,10
Proveedor 496,TRANSFE.,1X30,PROV1603,ES,EUR,SPAIN,10
Proveedor 498,RECIBO,1X30,PROV1605,ES,EUR,SPAIN,10
Proveedor 499,TRANSFE.,2X85/30,PROV1606,AE,USD,NON_EU,45
Proveedor 500,TRANSFE.,ADELANTADO,PROV1607,ES,EUR,SPAIN,10
Proveedor 501,TRANSFE.,ADELANTADO,PROV1608,ES,EUR,SPAIN,10
Proveedor 502,TRANSFE.,ADELANTADO,PROV1609,ES,EUR,SPAIN,10
Proveedor 503,CONTADO,1,PROV1610,ES,EUR,SPAIN,10
Proveedor 505,TRANSFE.,ADELANTADO,PROV1613,ES,EUR,SPAIN,10
Proveedor 506,RECIBO,1X30,PROV1614,ES,EUR,SPAIN,10
Proveedor 508,TRANSFE.,ADELANTADO,PROV1616,ES,EUR,SPAIN,10
Proveedor 509,CR PAGO A,ADELANTADO,PROV1617,ES,EUR,SPAIN,10
Proveedor 510,TRANSFE.,1X60,PROV1618,ES,EUR,SPAIN,10
Proveedor 511,TRANSFE.,ADELANTADO,PROV1619,ES,EUR,SPAIN,10
Proveedor 512,RECIBO,1X75,PROV1620,ES,EUR,SPAIN,10
Proveedor 513,TRANSFE.,14DIAS,PROV1621,ES,EUR,SPAIN,10
Proveedor 514,TRANSFE.,ADELANTADO,PROV1622,KR,USD,NON_EU,45
Proveedor 515,CAJA,1,PROV1623,ES,EUR,SPAIN,10
Proveedor 516,RECIBO,1X60,PROV1624,ES,EUR,SPAIN,10
Proveedor 517,TRANSFE.,VISTA,PROV1626,ES,EUR,SPAIN,10
Proveedor 518,RECIBO,VISTA,PROV1627,ES,EUR,SPAIN,10
Proveedor 519,TRANSFE.,1X30,PROV1628,CN,USD,NON_EU,45
Proveedor 520,TRANSFE.,ADELANTADO,PROV1630,ES,EUR,SPAIN,10
Proveedor 521,TRANSFE.,1X30,PROV1632,ES,EUR,SPAIN,10
Proveedor 522,TRANSFE.,10DIAS,PROV1633,CN,USD,NON_EU,45
Proveedor 524,CR PAGO A,1,PROV1635,TR,USD,NON_EU,45
Proveedor 525,TRANSFE.,ADELANTADO,PROV1636,ES,EUR,SPAIN,10
Proveedor 526,TRANSFE.,ADELANTADO,PROV1637,ES,EUR,SPAIN,10
Proveedor 527,TRANSFE.,ADELANTADO,PROV1638,ES,EUR,SPAIN,10
Proveedor 528,CAN PAGO A,ADELANTADO,PROV1639,ES,EUR,SPAIN,10
Proveedor 529,RECIBO,1X30,PROV1640,ES,EUR,SPAIN,10
Proveedor 530,TRANSFE.,1X30,PROV1641,ES,EUR,SPAIN,10
Proveedor 531,RECIBO,ADELANTADO,PROV1642,ES,EUR,SPAIN,10
Proveedor 532,RECIBO,1X30,PROV1643,ES,EUR,SPAIN,10
Proveedor 533,CAJA,ADELANTADO,PROV1644,ES,EUR,SPAIN,10
Proveedor 534,TRANSFE.,ADELANTADO,PROV1645,CN,USD,NON_EU,45
Proveedor 536,TRANSFE.,1X30,PROV1647,ES,EUR,SPAIN,10
Proveedor 537,RECIBO,1X60,PROV1648,ES,EUR,SPAIN,10
Proveedor 538,RECIBO,1X60,PROV1649,ES,EUR,SPAIN,10
Proveedor 539,RECIBO,1X60,PROV1650,ES,EUR,SPAIN,10
Proveedor 540,TRANSFE.,1X30,PROV1651,ES,EUR,SPAIN,10
Proveedor 541,TRANSFE.,1X60 B/L,PROV1652,IE,EUR,OTHER_EU,20
Proveedor 542,RECIBO,ADELANTADO,PROV1653,ES,EUR,SPAIN,10
Proveedor 543,RECIBO,ADELANTADO,PROV1654,ES,EUR,SPAIN,10
Proveedor 544,RECIBO,ADELANTADO,PROV1655,ES,EUR,SPAIN,10
Proveedor 545,TRANSFE.,ADELANTADO,PROV1656,ES,EUR,SPAIN,10
Proveedor 546,TRANSFE.,1X30,PROV1657,SG,USD,NON_EU,45
Proveedor 547,TRANSFE.,10DIAS,PROV1658,ES,EUR,SPAIN,10
Proveedor 548,RECIBO,ADELANTADO,PROV1659,ES,EUR,SPAIN,10
Proveedor 549,TRANSFE.,ADELANTADO,PROV1660,ES,EUR,SPAIN,10
Proveedor 550,RECIBO,1X60,PROV1661,ES,EUR,SPAIN,10
Proveedor 552,TRANSFE.,1X30,PROV1663,ES,EUR,SPAIN,10
Proveedor 553,TRANSFE.,10DIAS,PROV1664,ES,EUR,SPAIN,10
Proveedor 555,RECIBO,1X30,PROV1666,ES,EUR,SPAIN,10
Proveedor 556,CONTADO,10DIAS,PROV1667,ES,EUR,SPAIN,10
Proveedor 557,CONTADO,10DIAS,PROV1668,ES,EUR,SPAIN,10
Proveedor 558,RECIBO,1X60,PROV1670,ES,EUR,SPAIN,10
Proveedor 559,CONTADO,ADELANTADO,PROV1671,ES,EUR,SPAIN,10
Proveedor 560,TRANSFE.,ADELANTADO,PROV1672,ES,EUR,SPAIN,10
Proveedor 561,,ADELANTADO,PROV1673,ES,EUR,SPAIN,10
Proveedor 563,TRANSFE.,ADELANTADO,PROV1675,ES,EUR,SPAIN,10
Proveedor 564,RECIBO,1X30,PROV1676,ES,EUR,SPAIN,10
Proveedor 565,TRANSFE.,ADELANTADO,PROV1677,ES,EUR,SPAIN,10
Proveedor 566,CONTADO,ADELANTADO,PROV1678,ES,EUR,SPAIN,10
Proveedor 567,CONTADO,ADELANTADO,PROV1679,ES,EUR,SPAIN,10
Proveedor 568,RECIBO,1X30,PROV1680,ES,EUR,SPAIN,10
Proveedor 572,TRANSFE.,1X0D,PROV1686,TR,USD,NON_EU,45
Proveedor 573,TRANSFE.,1X0D,PROV1687,ES,EUR,SPAIN,10
Proveedor 575,TRANSFE.,2X30AD,PROV1689,CH,USD,NON_EU,45
Proveedor 587,RECIBO,1X60,PROV1724,ES,EUR,SPAIN,10
Proveedor 590,CONTADO,ADELANTADO,PROV1729,ES,EUR,SPAIN,10
Proveedor 591,TRANSFE.,ADELANTADO,PROV1731,ES,EUR,SPAIN,10
Proveedor 602,TRANSFE.,2 TIMES,PROV1754,CH,USD,NON_EU,45
Proveedor 655,TRANSFE.,ADELANTADO,PROV1810,ES,EUR,SPAIN,10
Proveedor 676,BANCO,1X60,PROV1833,ES,EUR,SPAIN,10
Proveedor 699,RECIBO,VISTA,PROV1862,ES,EUR,SPAIN,10
Proveedor 707,TRANSFE.,1X45,PROV1870,IE,EUR,OTHER_EU,20
Proveedor 861,RECIBO,1X30,PROV2035,ES,EUR,SPAIN,10
Proveedor 889,TRANSFE.,ADELANTADO,PROV2063,ES,EUR,SPAIN,10
Proveedor 949,TRANSFE.,ADELANTADO,PROV2123,GR,EUR,OTHER_EU,20
Proveedor 1021,CONFIRMING,1X0D BL,PROV2197,CH,USD,NON_EU,45
Proveedor 1112,CONTADO,ADELANTADO,PROV2288,ES,EUR,SPAIN,10
Proveedor 1161,RECIBO,1X30,PROV2339,ES,EUR,SPAIN,10
Proveedor 1211,VISA,ADELANTADO,PROV2389,ES,EUR,SPAIN,10
Proveedor 266,RECIBO,1X30,PROV1288,ES,EUR,SPAIN,10
Proveedor 426,RECIBO,1X60,PROV1529,ES,EUR,SPAIN,10
Proveedor 130,,,PROV41001253,ES,EUR,SPAIN,10
Proveedor 185,,,PROV1070,ES,EUR,SPAIN,10
Proveedor 853,RECIBO,1X60,PROV2027,ES,EUR,SPAIN,10
Proveedor 903,CONTADO,,PROV2077,ES,EUR,SPAIN,10
Proveedor 965,TRANSFE.,ADELANTADO,PROV2139,ES,EUR,SPAIN,10
Proveedor 1002,TRANSFE.,-,PROV2178,ES,EUR,SPAIN,10
Proveedor 1006,RECIBO,1X30,PROV2182,ES,EUR,SPAIN,10
Proveedor 1065,VISA,ADELANTADO,PROV2241,ES,EUR,SPAIN,10
Proveedor 1129,TRANSFE.,ADELANTADO,PROV2306,ES,EUR,SPAIN,10
Proveedor 1177,RECIBO,1X30,PROV2355,ES,EUR,SPAIN,10
Proveedor 1188,RECIBO,1X60,PROV2366,ES,EUR,SPAIN,10
Proveedor 1192,RECIBO,1X30,PROV2370,ES,EUR,SPAIN,10
Proveedor 1195,VISA,ADELANTADO,PROV2373,ES,EUR,SPAIN,10
Proveedor 425,RECIBO,1X60,PROV1528,ES,EUR,SPAIN,10
