"SupplierName";"PaymentMethod";"PaymentTerms";"IDSupplier";"Country";"Currency"
"Proveedor 3";"RECIBO";"1X30";"PROV41000270";"ES";"EUR"
"Proveedor 4";"RECIBO";"1X60";"PROV1344";"ES";"EUR"
"Proveedor 12";"RECIBO";"1X85";"PROV40000010";"ES";"EUR"
"Proveedor 13";"RECIBO";"1X60";"PROV40000187";"ES";"EUR"
"Proveedor 14";"RECIBO";"1X60";"PROV40000200";"ES";"EUR"
"Proveedor 15";"RECIBO";"1X60";"PROV40000235";"ES";"EUR"
"Proveedor 16";"RECIBO";"1X60";"PROV40000500";"ES";"EUR"
"Proveedor 17";"RECIBO";"1X45";"PROV40000520";"ES";"EUR"
"Proveedor 18";"RECIBO";"1X75";"PROV40000645";"ES";"EUR"
"Proveedor 19";"RECIBO";"1X45";"PROV40000735";"ES";"EUR"
"Proveedor 20";"RECIBO";"1X60";"PROV40000755";"ES";"EUR"
"Proveedor 21";"RECIBO";"1X75";"PROV40000850";"ES";"EUR"
"Proveedor 22";"TRANSFE.";"1X45";"PROV40000882";"ES";"EUR"
"Proveedor 23";"RECIBO";"1X60";"PROV40000990";"ES";"EUR"
"Proveedor 24";"TRANSFE.";"1X60";"PROV40001000";"FR";"EUR"
"Proveedor 26";"RECIBO";"1X60";"PROV40001470";"ES";"EUR"
"Proveedor 27";"RECIBO";"1X75";"PROV40001600";"ES";"EUR"
"Proveedor 28";"RECIBO";"1X60";"PROV40001730";"ES";"EUR"
"Proveedor 29";"RECIBO";"1X60";"PROV40001825";"ES";"EUR"
"Proveedor 30";"RECIBO";"1X75";"PROV40002065";"ES";"EUR"
"Proveedor 31";"RECIBO";"1X60";"PROV40002090";"ES";"EUR"
"Proveedor 32";"RECIBO";"1X90";"PROV40002120";"ES";"EUR"
"Proveedor 33";"TRANSFE.";"1X90";"PROV40002140";"CH";"USD"
"Proveedor 34";"RECIBO";"1X75";"PROV40002180";"ES";"EUR"
"Proveedor 35";"TRANSFE.";"1X60";"PROV40002185";"ES";"EUR"
"Proveedor 36";"RECIBO";"1X60";"PROV40002220";"ES";"EUR"
"Proveedor 37";"RECIBO";"1X45";"PROV40002330";"ES";"EUR"
"Proveedor 48";"RECIBO";"1X60";"PROV41000118";"ES";"EUR"
"Proveedor 49";"RECIBO";"1X60";"PROV41000135";"ES";"EUR"
"Proveedor 50";"RECIBO";"1X60";"PROV41000145";"ES";"EUR"
"Proveedor 51";"RECIBO";"1X90";"PROV41000150";"ES";"EUR"
"Proveedor 52";"RECIBO";"1X90";"PROV41000162";"ES";"EUR"
"Proveedor 54";"RECIBO";"1X60";"PROV41000180";"ES";"EUR"
"Proveedor 55";"RECIBO";"1X30";"PROV41000183";"ES";"EUR"
"Proveedor 56";"RECIBO";"1X90";"PROV41000198";"ES";"EUR"
"Proveedor 59";"RECIBO";"1X60";"PROV41000220";"ES";"EUR"
"Proveedor 60";"RECIBO";"1X90";"PROV41000231";"ES";"EUR"
"Proveedor 61";"RECIBO";"1X90";"PROV41000232";"ES";"EUR"
"Proveedor 63";"RECIBO";"1X90";"PROV41000305";"ES";"EUR"
"Proveedor 64";"RECIBO";"1X30";"PROV41000310";"ES";"EUR"
"Proveedor 67";"RECIBO";"1X30";"PROV41000322";"ES";"EUR"
"Proveedor 68";"RECIBO";"1X30";"PROV41000324";"ES";"EUR"
"Proveedor 70";"RECIBO";"1X30";"PROV41000327";"ES";"EUR"
"Proveedor 71";"RECIBO";"1X60";"PROV41000330";"ES";"EUR"
"Proveedor 72";"RECIBO";"1X30";"PROV41000335";"ES";"EUR"
"Proveedor 73";"RECIBO";"1X90";"PROV41000336";"ES";"EUR"
"Proveedor 74";"RECIBO";"1X30";"PROV41000338";"ES";"EUR"
"Proveedor 75";"RECIBO";"15DIAS";"PROV41000406";"ES";"EUR"
"Proveedor 76";"RECIBO";"1X90";"PROV41000408";"ES";"EUR"
"Proveedor 77";"RECIBO";"1X75";"PROV41000426";"ES";"EUR"
"Proveedor 78";"TRANSFE.";"1X30";"PROV41000486";"ES";"EUR"
"Proveedor 79";"RECIBO";"1X60";"PROV41000531";"ES";"EUR"
"Proveedor 80";"RECIBO";"1X60";"PROV41000540";"ES";"EUR"
"Proveedor 82";"RECIBO";"1X45";"PROV41000585";"ES";"EUR"
"Proveedor 84";"RECIBO";"1X30";"PROV41000601";"ES";"EUR"
"Proveedor 86";"RECIBO";"1X60";"PROV41000641";"ES";"EUR"
"Proveedor 88";"RECIBO";"1X90";"PROV41000650";"ES";"EUR"
"Proveedor 90";"RECIBO";"1X90";"PROV41000770";"ES";"EUR"
"Proveedor 91";"RECIBO";"1X60";"PROV41000800";"ES";"EUR"
"Proveedor 93";"RECIBO";"1X90";"PROV41000820";"ES";"EUR"
"Proveedor 96";"RECIBO";"1X60";"PROV41000845";"ES";"EUR"
"Proveedor 98";"RECIBO";"1X30";"PROV41000885";"ES";"EUR"
"Proveedor 101";"RECIBO";"1X30";"PROV41000891";"ES";"EUR"
"Proveedor 102";"RECIBO";"1X30";"PROV41000892";"ES";"EUR"
"Proveedor 103";"RECIBO";"1X30";"PROV41000893";"ES";"EUR"
"Proveedor 104";"RECIBO";"1X30";"PROV41000894";"ES";"EUR"
"Proveedor 105";"RECIBO";"1X60";"PROV41000895";"ES";"EUR"
"Proveedor 106";"TRANSFE.";"1X30";"PROV41000896";"ES";"EUR"
"Proveedor 110";"RECIBO";"1X90";"PROV41000980";"ES";"EUR"
"Proveedor 111";"TRANSFE.";"ADELANTADO";"PROV41001010";"ES";"EUR"
"Proveedor 114";"RECIBO";"1X90";"PROV41001030";"ES";"EUR"
"Proveedor 115";"RECIBO";"1X90";"PROV41001040";"ES";"EUR"
"Proveedor 116";"RECIBO";"1X90";"PROV41001055";"ES";"EUR"
"Proveedor 117";"TRANSFE.";"1X75";"PROV41001065";"ES";"EUR"
"Proveedor 119";"RECIBO";"1X45";"PROV41001119";"ES";"EUR"
"Proveedor 120";"RECIBO";"8DIAS";"PROV41001120";"ES";"EUR"
"Proveedor 121";"RECIBO";"1X90";"PROV41001131";"ES";"EUR"
"Proveedor 122";"RECIBO";"1X30";"PROV41001133";"ES";"EUR"
"Proveedor 123";"RECIBO";"1X60";"PROV41001142";"ES";"EUR"
"Proveedor 124";"TRANSFE.";"1X90";"PROV41001144";"ES";"EUR"
"Proveedor 125";"RECIBO";"15DIAS";"PROV41001160";"ES";"EUR"
"Proveedor 126";"RECIBO";"1X30";"PROV41001165";"ES";"EUR"
"Proveedor 127";"TRANSFE.";"1X30";"PROV41001200";"ES";"EUR"
"Proveedor 128";"RECIBO";"1X30";"PROV41001226";"ES";"EUR"
"Proveedor 129";"RECIBO";"1X60";"PROV41001240";"ES";"EUR"
"Proveedor 131";"RECIBO";"1X90";"PROV41001270";"ES";"EUR"
"Proveedor 132";"RECIBO";"1X30";"PROV41001290";"ES";"EUR"
"Proveedor 133";"RECIBO";"1X45";"PROV41001350";"ES";"EUR"
"Proveedor 136";"RECIBO";"1X90";"PROV41001365";"ES";"EUR"
"Proveedor 138";"RECIBO";"1X60";"PROV41001395";"ES";"EUR"
"Proveedor 139";"RECIBO";"1X60";"PROV41001401";"ES";"EUR"
"Proveedor 140";"RECIBO";"1X60";"PROV41001420";"ES";"EUR"
"Proveedor 142";"RECIBO";"15DIAS";"PROV41001430";"ES";"EUR"
"Proveedor 146";"RECIBO";"1X30";"PROV41001460";"ES";"EUR"
"Proveedor 147";"RECIBO";"1X30";"PROV41001462";"ES";"EUR"
"Proveedor 148";"RECIBO";"1X30";"PROV41001472";"ES";"EUR"
"Proveedor 149";"RECIBO";"1X30";"PROV41001475";"ES";"EUR"
"Proveedor 150";"RECIBO";"1X60";"PROV41001485";"ES";"EUR"
"Proveedor 151";"RECIBO";"1X30";"PROV41001493";"ES";"EUR"
"Proveedor 152";"RECIBO";"1X30";"PROV41001496";"ES";"EUR"
"Proveedor 156";"RECIBO";"1X30";"PROV41001522";"ES";"EUR"
"Proveedor 158";"RECIBO";"1X30";"PROV41001540";"ES";"EUR"
"Proveedor 159";"RECIBO";"1X30";"PROV41001555";"ES";"EUR"
"Proveedor 160";"RECIBO";"1X45";"PROV41001571";"ES";"EUR"
"Proveedor 163";"RECIBO";"1X60";"PROV41001699";"ES";"EUR"
"Proveedor 164";"RECIBO";"1X60";"PROV41001800";"ES";"EUR"
"Proveedor 166";"RECIBO";"1X60";"PROV1004";"ES";"EUR"
"Proveedor 167";"RECIBO";"1X60";"PROV1007";"ES";"EUR"
"Proveedor 169";"RECIBO";"1X30";"PROV1010";"ES";"EUR"
"Proveedor 170";"RECIBO";"1X30";"PROV1013";"ES";"EUR"
"Proveedor 171";"TRANSFE.";"1X45";"PROV1014";"ES";"EUR"
"Proveedor 172";"RECIBO";"1X30";"PROV1019";"ES";"EUR"
"Proveedor 173";"CONTADO";"REPOSICION";"PROV1020";"ES";"EUR"
"Proveedor 174";"RECIBO";"1X60";"PROV1022";"ES";"EUR"
"Proveedor 175";"RECIBO";"1X60";"PROV1023";"ES";"EUR"
"Proveedor 176";"RECIBO";"1X75";"PROV1024";"ES";"EUR"
"Proveedor 177";"RECIBO";"1X30";"PROV1025";"ES";"EUR"
"Proveedor 178";"RECIBO";"1X30";"PROV1027";"ES";"EUR"
"Proveedor 179";"RECIBO";"1X90";"PROV1031";"ES";"EUR"
"Proveedor 180";"RECIBO";"10DIAS";"PROV1046";"ES";"EUR"
"Proveedor 181";"TRANSFE.";"1X30";"PROV1049";"FR";"EUR"
"Proveedor 182";"TRANSFE.";"1X60";"PROV1061";"IN";"USD"
"Proveedor 183";"RECIBO";"1X30";"PROV1065";"ES";"EUR"
"Proveedor 187";"RECIBO";"1X60";"PROV1077";"ES";"EUR"
"Proveedor 189";"TRANSFE.";"1X90";"PROV1088";"SA";"USD"
"Proveedor 190";"RECIBO";"1X60";"PROV1089";"ES";"EUR"
"Proveedor 194";"RECIBO";"1X30";"PROV1094";"ES";"EUR"
"Proveedor 195";"RECIBO";"1X90";"PROV1095";"ES";"EUR"
"Proveedor 196";"RECIBO";"1X30";"PROV1097";"ES";"EUR"
"Proveedor 198";"RECIBO";"1X30";"PROV1105";"ES";"EUR"
"Proveedor 199";"RECIBO";"1X90";"PROV1106";"ES";"EUR"
"Proveedor 200";"RECIBO";"1X60";"PROV1113";"ES";"EUR"
"Proveedor 201";"RECIBO";"1X30";"PROV1114";"ES";"EUR"
"Proveedor 203";"RECIBO";"1X30";"PROV1124";"ES";"EUR"
"Proveedor 204";"RECIBO";"1X60";"PROV1125";"ES";"EUR"
"Proveedor 206";"RECIBO";"1X60";"PROV1128";"ES";"EUR"
"Proveedor 207";"RECIBO";"1X60";"PROV1129";"ES";"EUR"
"Proveedor 208";"TRANSFE.";"1X60";"PROV1133";"DE";"EUR"
"Proveedor 209";"RECIBO";"1X60";"PROV1134";"ES";"EUR"
"Proveedor 210";"RECIBO";"1X90";"PROV1138";"ES";"EUR"
"Proveedor 211";"RECIBO";"1X75";"PROV1141";"ES";"EUR"
"Proveedor 212";"RECIBO";"1X30";"PROV1144";"ES";"EUR"
"Proveedor 213";"RECIBO";"1X30";"PROV1151";"ES";"EUR"
"Proveedor 214";"RECIBO";"1X90";"PROV1153";"ES";"EUR"
"Proveedor 215";"RECIBO";"1X30";"PROV1156";"ES";"EUR"
"Proveedor 217";"RECIBO";"1X90";"PROV1162";"ES";"EUR"
"Proveedor 218";"TRANSFE.";"1X60";"PROV1165";"ES";"EUR"
"Proveedor 219";"RECIBO";"1X30";"PROV1166";"ES";"EUR"
"Proveedor 220";"RECIBO";"1X60";"PROV1167";"ES";"EUR"
"Proveedor 221";"RECIBO";"1X30";"PROV1170";"ES";"EUR"
"Proveedor 223";"TRANSFE.";"1X30";"PROV1184";"ES";"EUR"
"Proveedor 224";"RECIBO";"1X30";"PROV1186";"ES";"EUR"
"Proveedor 225";"RECIBO";"1X30";"PROV1187";"ES";"EUR"
"Proveedor 226";"RECIBO";"1X30";"PROV1189";"ES";"EUR"
"Proveedor 227";"RECIBO";"1X60";"PROV1191";"ES";"EUR"
"Proveedor 228";"TRANSFE.";"1X30";"PROV1193";"ES";"EUR"
"Proveedor 229";"RECIBO";"1X30";"PROV1194";"ES";"EUR"
"Proveedor 230";"RECIBO";"1X30";"PROV1195";"ES";"EUR"
"Proveedor 232";"TRANSFE.";"1X30";"PROV1199";"ES";"EUR"
"Proveedor 236";"RECIBO";"1X30";"PROV1210";"ES";"EUR"
"Proveedor 237";"RECIBO";"1X30";"PROV1212";"ES";"EUR"
"Proveedor 238";"RECIBO";"1X90";"PROV1215";"ES";"EUR"
"Proveedor 239";"RECIBO";"1X60";"PROV1216";"ES";"EUR"
"Proveedor 240";"TRANSFE.";"1X90";"PROV1222";"IE";"EUR"
"Proveedor 241";"RECIBO";"1X60";"PROV1223";"ES";"EUR"
"Proveedor 242";"RECIBO";"1X85";"PROV1224";"ES";"EUR"
"Proveedor 243";"RECIBO";"1X30";"PROV1227";"ES";"EUR"
"Proveedor 244";"RECIBO";"1X30";"PROV1228";"ES";"EUR"
"Proveedor 245";"RECIBO";"1X30";"PROV1229";"ES";"EUR"
"Proveedor 246";"TRANSFE.";"1X60";"PROV1231";"ES";"EUR"
"Proveedor 247";"RECIBO";"1X30";"PROV1232";"ES";"EUR"
"Proveedor 248";"TRANSFE.";"1X30";"PROV1237";"ES";"EUR"
"Proveedor 249";"RECIBO";"1X90";"PROV1238";"ES";"EUR"
"Proveedor 250";"TRANSFE.";"1X30";"PROV1246";"ES";"EUR"
"Proveedor 251";"RECIBO";"1X30";"PROV1251";"ES";"EUR"
"Proveedor 252";"RECIBO";"1X60";"PROV1255";"ES";"EUR"
"Proveedor 253";"RECIBO";"1X90";"PROV1256";"ES";"EUR"
"Proveedor 254";"RECIBO";"1X85";"PROV1257";"ES";"EUR"
"Proveedor 255";"TRANSFE.";"1X30";"PROV1260";"ES";"EUR"
"Proveedor 256";"RECIBO";"1X90";"PROV1262";"ES";"EUR"
"Proveedor 257";"RECIBO";"1X90";"PROV1264";"ES";"EUR"
"Proveedor 258";"RECIBO";"1X90";"PROV1269";"ES";"EUR"
"Proveedor 260";"RECIBO";"1X60";"PROV1271";"ES";"EUR"
"Proveedor 261";"RECIBO";"1X60";"PROV1275";"ES";"EUR"
"Proveedor 262";"RECIBO";"1X30";"PROV1276";"ES";"EUR"
"Proveedor 263";"RECIBO";"1X90";"PROV1278";"ES";"EUR"
"Proveedor 264";"RECIBO";"1X30";"PROV1282";"ES";"EUR"
"Proveedor 265";"RECIBO";"1X60";"PROV1287";"ES";"EUR"
"Proveedor 267";"TRANSFE.";"1X30";"PROV1289";"ES";"EUR"
"Proveedor 268";"RECIBO";"1X60";"PROV1291";"ES";"EUR"
"Proveedor 269";"RECIBO";"1X60";"PROV1293";"ES";"EUR"
"Proveedor 270";"RECIBO";"15DIAS";"PROV1294";"ES";"EUR"
"Proveedor 271";"TRANSFE.";"1X30";"PROV1295";"ES";"EUR"
"Proveedor 272";"RECIBO";"1X30";"PROV1296";"ES";"EUR"
"Proveedor 273";"TRANSFE.";"1X90";"PROV1299";"ES";"EUR"
"Proveedor 274";"TRANSFE.";"1X90";"PROV1304";"ES";"EUR"
"Proveedor 275";"RECIBO";"1X90";"PROV1309";"ES";"EUR"
"Proveedor 277";"RECIBO";"1X90";"PROV1312";"ES";"EUR"
"Proveedor 279";"RECIBO";"1X30";"PROV1316";"ES";"EUR"
"Proveedor 280";"TRANSFE.";"1X30";"PROV1318";"ES";"EUR"
"Proveedor 281";"RECIBO";"1X60";"PROV1323";"ES";"EUR"
"Proveedor 282";"RECIBO";"1X75";"PROV1324";"ES";"EUR"
"Proveedor 283";"RECIBO";"1X90";"PROV1326";"ES";"EUR"
"Proveedor 284";"RECIBO";"1X60";"PROV1328";"ES";"EUR"
"Proveedor 285";"RECIBO";"1X30";"PROV1330";"ES";"EUR"
"Proveedor 286";"RECIBO";"1X60";"PROV1331";"ES";"EUR"
"Proveedor 288";"RECIBO";"1X60";"PROV1334";"ES";"EUR"
"Proveedor 290";"RECIBO";"1X30";"PROV1337";"ES";"EUR"
"Proveedor 293";"RECIBO";"1X30";"PROV1343";"ES";"EUR"
"Proveedor 296";"RECIBO";"1X90";"PROV1348";"ES";"EUR"
"Proveedor 297";"RECIBO";"1X90";"PROV1349";"ES";"EUR"
"Proveedor 299";"RECIBO";"1X60";"PROV1352";"ES";"EUR"
"Proveedor 300";"RECIBO";"1X30";"PROV1354";"ES";"EUR"
"Proveedor 301";"RECIBO";"1X60";"PROV1355";"ES";"EUR"
"Proveedor 302";"RECIBO";"1X90";"PROV1356";"ES";"EUR"
"Proveedor 303";"RECIBO";"1X30";"PROV1357";"ES";"EUR"
"Proveedor 305";"TRANSFE.";"1X60";"PROV1360";"IE";"EUR"
"Proveedor 310";"RECIBO";"1X30";"PROV1376";"ES";"EUR"
"Proveedor 311";"RECIBO";"1X30";"PROV1378";"ES";"EUR"
"Proveedor 312";"RECIBO";"1X60";"PROV1379";"ES";"EUR"
"Proveedor 313";"RECIBO";"1X90";"PROV1380";"ES";"EUR"
"Proveedor 314";"RECIBO";"1X30";"PROV1382";"ES";"EUR"
"Proveedor 315";"TRANSFE.";"1X90";"PROV1383";"ES";"EUR"
"Proveedor 316";"RECIBO";"1X30";"PROV1384";"ES";"EUR"
"Proveedor 317";"RECIBO";"1X30";"PROV1387";"ES";"EUR"
"Proveedor 318";"RECIBO";"1X30";"PROV1388";"ES";"EUR"
"Proveedor 323";"RECIBO";"1X90";"PROV1399";"ES";"EUR"
"Proveedor 325";"RECIBO";"1X90";"PROV1401";"ES";"EUR"
"Proveedor 326";"RECIBO";"1X90";"PROV1402";"ES";"EUR"
"Proveedor 328";"RECIBO";"15DIAS";"PROV1404";"ES";"EUR"
"Proveedor 329";"TRANSFE.";"1X45";"PROV1405";"SG";"USD"
"Proveedor 331";"RECIBO";"1X30";"PROV1407";"ES";"EUR"
"Proveedor 332";"TRANSFE.";"1X30";"PROV1408";"ES";"EUR"
"Proveedor 333";"RECIBO";"1X90";"PROV1409";"ES";"EUR"
"Proveedor 335";"TRANSFE.";"1X60";"PROV1414";"ES";"EUR"
"Proveedor 336";"RECIBO";"1X90";"PROV1422";"ES";"EUR"
"Proveedor 337";"RECIBO";"1X90";"PROV1423";"ES";"EUR"
"Proveedor 338";"RECIBO";"1X90";"PROV1424";"ES";"EUR"
"Proveedor 340";"RECIBO";"1X90";"PROV1426";"ES";"EUR"
"Proveedor 342";"RECIBO";"1X30";"PROV1429";"ES";"EUR"
"Proveedor 344";"RECIBO";"1X90";"PROV1433";"ES";"EUR"
"Proveedor 345";"RECIBO";"1X30";"PROV1435";"ES";"EUR"
"Proveedor 346";"RECIBO";"15DIAS";"PROV1437";"ES";"EUR"
"Proveedor 349";"RECIBO";"1X60";"PROV1441";"ES";"EUR"
"Proveedor 351";"RECIBO";"1X75";"PROV1443";"ES";"EUR"
"Proveedor 352";"RECIBO";"1X60";"PROV1444";"ES";"EUR"
"Proveedor 355";"RECIBO";"1X30";"PROV1447";"ES";"EUR"
"Proveedor 356";"TRANSFE.";"1X60";"PROV1448";"ES";"EUR"
"Proveedor 357";"TRANSFE.";"1X60";"PROV1449";"ES";"EUR"
"Proveedor 358";"TRANSFE.";"1X30";"PROV1450";"ES";"EUR"
"Proveedor 359";"RECIBO";"1X60 D25";"PROV1452";"ES";"EUR"
"Proveedor 363";"RECIBO";"1X30";"PROV1457";"ES";"EUR"
"Proveedor 367";"RECIBO";"1X90";"PROV1463";"ES";"EUR"
"Proveedor 368";"RECIBO";"1X60";"PROV1465";"ES";"EUR"
"Proveedor 377";"RECIBO";"ADELANTADO";"PROV1476";"ES";"EUR"
"Proveedor 381";"RECIBO";"1X30";"PROV1480";"ES";"EUR"
"Proveedor 383";"RECIBO";"1X30";"PROV1482";"ES";"EUR"
"Proveedor 385";"RECIBO";"1X75";"PROV1484";"ES";"EUR"
"Proveedor 386";"TRANSFE.";"1X90";"PROV1485";"IE";"EUR"
"Proveedor 388";"RECIBO";"1X30";"PROV1488";"ES";"EUR"
"Proveedor 390";"RECIBO";"1X90";"PROV1490";"ES";"EUR"
"Proveedor 393";"RECIBO";"1X90";"PROV1493";"ES";"EUR"
"Proveedor 399";"TRANS_FRAC";"2X30BL";"PROV1499";"JO";"USD"
"Proveedor 401";"RECIBO";"1X75";"PROV1502";"ES";"EUR"
"Proveedor 402";"RECIBO";"15DIAS";"PROV1503";"ES";"EUR"
"Proveedor 405";"RECIBO";"1X60";"PROV1506";"ES";"EUR"
"Proveedor 409";"RECIBO";"1X60";"PROV1510";"ES";"EUR"
"Proveedor 413";"RECIBO";"1X90";"PROV1515";"ES";"EUR"
"Proveedor 424";"RECIBO";"1X30";"PROV1527";"ES";"EUR"
"Proveedor 428";"RECIBO";"1X90";"PROV1531";"ES";"EUR"
"Proveedor 430";"RECIBO";"1X30";"PROV1533";"ES";"EUR"
"Proveedor 435";"RECIBO";"1X90";"PROV1538";"ES";"EUR"
"Proveedor 441";"RECIBO";"1X90";"PROV1545";"ES";"EUR"
"Proveedor 442";"TRANSFE.";"1X85";"PROV1546";"ES";"EUR"
"Proveedor 443";"RECIBO";"1X60";"PROV1547";"ES";"EUR"
"Proveedor 445";"RECIBO";"1X85";"PROV1549";"ES";"EUR"
"Proveedor 451";"RECIBO";"1X90";"PROV1556";"ES";"EUR"
"Proveedor 453";"TRANSFE.";"1X60";"PROV1558";"ES";"EUR"
"Proveedor 457";"TRANSFE.";"1X60";"PROV1562";"IN";"USD"
"Proveedor 470";"RECIBO";"1X75";"PROV1576";"ES";"EUR"
"Proveedor 475";"TRANSFE.";"1X30";"PROV1581";"ES";"EUR"
"Proveedor 476";"TRANSFE.";"1X30";"PROV1582";"ES";"EUR"
"Proveedor 477";"RECIBO";"1X30";"PROV1583";"ES";"EUR"
"Proveedor 478";"RECIBO";"1X60";"PROV1584";"ES";"EUR"
"Proveedor 480";"RECIBO";"3X20AD";"PROV1586";"ES";"EUR"
"Proveedor 493";"RECIBO";"1X75";"PROV1599";"ES";"EUR"
"Proveedor 497";"RECIBO";"1X60";"PROV1604";"ES";"EUR"
"Proveedor 504";"RECIBO";"1X60";"PROV1611";"ES";"EUR"
"Proveedor 523";"RECIBO";"1X60";"PROV1634";"ES";"EUR"
"Proveedor 535";"RECIBO";"1X60";"PROV1646";"ES";"EUR"
"Proveedor 551";"RECIBO";"1X30";"PROV1662";"ES";"EUR"
"Proveedor 554";"RECIBO";"1X60";"PROV1665";"ES";"EUR"
"Proveedor 562";"RECIBO";"1X60";"PROV1674";"ES";"EUR"
"Proveedor 569";"RECIBO";"1X30";"PROV1681";"ES";"EUR"
"Proveedor 570";"TRANSFE.";"ADELANTADO";"PROV1682";"AE";"USD"
"Proveedor 586";"RECIBO";"1X60";"PROV1723";"ES";"EUR"
"Proveedor 593";"TRANSFE.";"1X60";"PROV1734";"ES";"EUR"
"Proveedor 603";"TRANSFE.";"1X45";"PROV1756";"IN";"USD"
"Proveedor 621";"RECIBO";"1X90";"PROV1774";"ES";"EUR"
"Proveedor 660";"TRANSFE.";"1X60";"PROV1815";"ES";"EUR"
"Proveedor 685";"RECIBO";"1X60";"PROV1845";"ES";"EUR"
"Proveedor 705";"RECIBO";"1X30";"PROV1868";"ES";"EUR"
"Proveedor 761";"RECIBO";"1X60";"PROV1931";"ES";"EUR"
"Proveedor 804";"TRANSFE.";"1X60";"PROV1976";"IN";"USD"
"Proveedor 913";"RECIBO";"1X30";"PROV2087";"ES";"EUR"
"Proveedor 977";"RECIBO";"1X30";"PROV2151";"ES";"EUR"
"Proveedor 94";"TRANSFE.";"1X30";"PROV41000826";"ES";"EUR"
"Proveedor 100";"TRANSFE.";"ADELANTADO";"PROV41000889";"ES";"EUR"
"Proveedor 141";"TRANSFE.";"ADELANTADO";"PROV41001425";"ES";"EUR"
"Proveedor 155";"TRANSFE.";"1X60";"PROV41001521";"ES";"EUR"
"Proveedor 392";"RECIBO";"ADELANTADO";"PROV1492";"ES";"EUR"
"Proveedor 615";"RECIBO";"VISTA";"PROV1768";"ES";"EUR"
"Proveedor 1";"VISA";"ADELANTADO";"PROV1888";"CN";"USD"
"Proveedor 1";"RECIBO";"ADELANTADO";"PROV1977";"ES";"EUR"
"Proveedor 1";"VISA";"ADELANTADO";"PROV2297";"PE";"USD"
"Proveedor 3";"RECIBO";"1X60";"PROV1830";"ES";"EUR"
"Proveedor 4";"TRANSFE.";"ADELANTADO";"PROV1961";"ES";"EUR"
"Proveedor 6";"RECIBO";"1X30";"PROV1928";"ES";"EUR"
"Proveedor 7";"RECIBO";"1X60";"PROV1795";"ES";"EUR"
"Proveedor 7";;;"PROV1885";"ES";"EUR"
"Proveedor 8";"TRANSFE.";"1X30";"PROV1827";"ES";"EUR"
"Proveedor 8";"TRANSFE.";"ADELANTADO";"PROV1895";"ES";"EUR"
"Proveedor 9";"RECIBO";"1X60";"PROV1872";"ES";"EUR"
"Proveedor 9";"RECIBO";"1X60";"PROV2155";"ES";"EUR"
"Proveedor 10";"RECIBO";"ADELANTADO";"PROV1887";"ES";"EUR"
"Proveedor 10";"RECIBO";"ADELANTADO";"PROV1963";"ES";"EUR"
"Proveedor 11";"RECIBO";"1X45";"PROV1988";"ES";"EUR"
"Proveedor 11";"RECIBO";"1X45";"PROV2158";"ES";"EUR"
"Proveedor 46";"RECIBO";"1X60";"PROV41000110";"ES";"EUR"
"Proveedor 112";;;"PROV41001020";"ES";"EUR"
"Proveedor 144";"RECIBO";"15DIAS";"PROV41001437";"ES";"EUR"
"Proveedor 168";"RECIBO";"1X60";"PROV1008";"ES";"EUR"
"Proveedor 233";"TRANSFE.";"ADELANTADO";"PROV1200";"ES";"EUR"
"Proveedor 259";"RECIBO";"1X30";"PROV1270";"ES";"EUR"
"Proveedor 307";"TRANSFE.";"ADELANTADO";"PROV1364";"ES";"EUR"
"Proveedor 507";"TRANSFE.";"ADELANTADO";"PROV1615";"ES";"EUR"
"Proveedor 571";"RECIBO";"1X30";"PROV1685";"ES";"EUR"
"Proveedor 574";"TRANSFE.";"1X30";"PROV1688";"ES";"EUR"
"Proveedor 576";"TRANSFE.";"10DIAS";"PROV1690";"ES";"EUR"
"Proveedor 577";"TRANSFE.";"3X30";"PROV1692";"CN";"USD"
"Proveedor 578";"TRANSFE.";"ADELANTADO";"PROV1694";"ES";"EUR"
"Proveedor 579";"CONTADO";"ADELANTADO";"PROV1698";"ES";"EUR"
"Proveedor 580";"TRANSFE.";"ADELANTADO";"PROV1701";"ES";"EUR"
"Proveedor 581";"TRANSFE.";"1X60";"PROV1714";"ES";"EUR"
"Proveedor 582";"TRANSFE.";"1X30";"PROV1715";"ES";"EUR"
"Proveedor 583";"TRANSFE.";"ADELANTADO";"PROV1716";"CN";"USD"
"Proveedor 584";"TRANSFE.";"1X60";"PROV1718";"CN";"USD"
"Proveedor 585";"RECIBO";"1X30";"PROV1720";"ES";"EUR"
"Proveedor 588";"RECIBO";"1X30";"PROV1725";"ES";"EUR"
"Proveedor 589";"TRANSFE.";"1X30";"PROV1728";"ES";"EUR"
"Proveedor 592";"TRANSFE.";"1X30";"PROV1733";"CH";"USD"
"Proveedor 594";"TRANSFE.";"ADELANTADO";"PROV1735";"ES";"EUR"
"Proveedor 595";"TRANSFE.";"1X60";"PROV1736";"ES";"EUR"
"Proveedor 596";"TRANSFE.";"ADELANTADO";"PROV1737";"CH";"USD"
"Proveedor 597";"RECIBO";"1X30";"PROV1741";"ES";"EUR"
"Proveedor 598";"RECIBO";"1X60";"PROV1750";"ES";"EUR"
"Proveedor 599";"TRANSFE.";"ADELANTADO";"PROV1751";"ES";"EUR"
"Proveedor 600";"TRANSFE.";"1X30";"PROV1752";"ES";"EUR"
"Proveedor 601";"TRANSFE.";"ADELANTADO";"PROV1753";"ES";"EUR"
"Proveedor 604";"TRANSFE.";"ADELANTADO";"PROV1757";"ES";"EUR"
"Proveedor 605";"GIRO";"1X60";"PROV1758";"ES";"EUR"
"Proveedor 606";"RECIBO";"1X60";"PROV1759";"ES";"EUR"
"Proveedor 607";"TRANSFE.";"ADELANTADO";"PROV1760";"ES";"EUR"
"Proveedor 608";"TRANSFE.";"1X60";"PROV1761";"ES";"EUR"
"Proveedor 609";;"2X30AD";"PROV1762";"CH";"USD"
"Proveedor 610";"RECIBO";"15DIAS";"PROV1763";"ES";"EUR"
"Proveedor 611";"RECIBO";"1X60";"PROV1764";"ES";"EUR"
"Proveedor 612";"TRANSFE.";"ADELANTADO";"PROV1765";"ES";"EUR"
"Proveedor 613";"TRANSFE.";"ADELANTADO";"PROV1766";"ES";"EUR"
"Proveedor 614";"TRANSFE.";"1X30";"PROV1767";"ES";"EUR"
"Proveedor 616";"TRANSFE.";"ADELANTADO";"PROV1769";"ES";"EUR"
"Proveedor 617";"RECIBO";"1X60";"PROV1770";"ES";"EUR"
"Proveedor 618";"RECIBO";"1X60";"PROV1771";"ES";"EUR"
"Proveedor 619";"RECIBO";"1X60";"PROV1772";"ES";"EUR"
"Proveedor 620";"RECIBO";"ADELANTADO";"PROV1773";"ES";"EUR"
"Proveedor 622";"TRANSFE.";"1X60";"PROV1775";"MX";"USD"
"Proveedor 623";"RECIBO";"ADELANTADO";"PROV1776";"ES";"EUR"
"Proveedor 624";"RECIBO";"1X60";"PROV1777";"ES";"EUR"
"Proveedor 625";"RECIBO";"1X30";"PROV1778";"ES";"EUR"
"Proveedor 626";"RECIBO";"1X60";"PROV1779";"ES";"EUR"
"Proveedor 627";"TRANSFE.";"1X30";"PROV1780";"ES";"EUR"
"Proveedor 628";"RECIBO";"1X60";"PROV1781";"ES";"EUR"
"Proveedor 629";"TRANSFE.";"ADELANTADO";"PROV1782";"ES";"EUR"
"Proveedor 630";"RECIBO";"1X30";"PROV1783";"ES";"EUR"
"Proveedor 631";"TRANSFE.";"ADELANTADO";"PROV1784";"CN";"USD"
"Proveedor 632";"RECIBO";"1X30";"PROV1785";"ES";"EUR"
"Proveedor 633";"RECIBO";"1X75";"PROV1786";"ES";"EUR"
"Proveedor 634";"TRANSFE.";"ADELANTADO";"PROV1787";"ES";"EUR"
"Proveedor 635";"TRANSFE.";"ADELANTADO";"PROV1788";"CN";"USD"
"Proveedor 636";"RECIBO";"1X60";"PROV1789";"ES";"EUR"
"Proveedor 637";"TRANSFE.";"ADELANTADO";"PROV1790";"ES";"EUR"
"Proveedor 638";"TRANSFE.";"1X30";"PROV1791";"ES";"EUR"
"Proveedor 639";"TRANSFE.";"1X30";"PROV1792";"ES";"EUR"
"Proveedor 640";"TRANSFE.";"ADELANTADO";"PROV1793";"ES";"EUR"
"Proveedor 641";"TRANSFE.";"ADELANTADO";"PROV1794";"ES";"EUR"
"Proveedor 642";"RECIBO";"1X30";"PROV1796";"ES";"EUR"
"Proveedor 643";"TRANSFE.";"ADELANTADO";"PROV1797";"ES";"EUR"
"Proveedor 644";"TRANSFE.";"ADELANTADO";"PROV1798";"CH";"USD"
"Proveedor 645";"RECIBO";"1X60";"PROV1799";"ES";"EUR"
"Proveedor 646";"TRANSFE.";"ADELANTADO";"PROV1800";"ES";"EUR"
"Proveedor 647";"TRANSFE.";"1X30";"PROV1801";"ES";"EUR"
"Proveedor 648";"RECIBO";"1X30";"PROV1802";"ES";"EUR"
"Proveedor 649";"TRANSFE.";"ADELANTADO";"PROV1803";"ES";"EUR"
"Proveedor 650";"TRANSFE.";"ADELANTADO";"PROV1804";"ES";"EUR"
"Proveedor 651";"CONTADO";"ADELANTADO";"PROV1805";"ES";"EUR"
"Proveedor 652";"TRANSFE.";"ADELANTADO";"PROV1806";"CH";"USD"
"Proveedor 653";"TRANSFE.";"ADELANTADO";"PROV1807";"ES";"EUR"
"Proveedor 654";"RECIBO";"ADELANTADO";"PROV1809";"ES";"EUR"
"Proveedor 656";"RECIBO";"1X30";"PROV1811";"ES";"EUR"
"Proveedor 657";"RECIBO";"1X60";"PROV1812";"ES";"EUR"
"Proveedor 658";"RECIBO";"1X30";"PROV1813";"ES";"EUR"
"Proveedor 659";"CONTADO";"ADELANTADO";"PROV1814";"ES";"EUR"
"Proveedor 661";"TRANSFE.";"2X30%BL";"PROV1816";"CH";"USD"
"Proveedor 662";"TRANSFE.";"15DIAS";"PROV1817";"ES";"EUR"
"Proveedor 663";"TRANSFE.";"1X60";"PROV1818";"ES";"EUR"
"Proveedor 664";"TRANSFE.";"ADELANTADO";"PROV1819";"ES";"EUR"
"Proveedor 665";"TRANSFE.";"1X60";"PROV1820";"ES";"EUR"
"Proveedor 666";"TRANSFE.";"ADELANTADO";"PROV1821";"ES";"EUR"
"Proveedor 667";"TRANSFE.";"ADELANTADO";"PROV1822";"ES";"EUR"
"Proveedor 668";"TRANSFE.";"ADELANTADO";"PROV1823";"ES";"EUR"
"Proveedor 669";"TRANSFE.";"ADELANTADO";"PROV1824";"ES";"EUR"
"Proveedor 670";"TRANSFE.";"ADELANTADO";"PROV1825";"ES";"EUR"
"Proveedor 671";"TRANSFE.";"ADELANTADO";"PROV1826";"ES";"EUR"
"Proveedor 672";"RECIBO";"1X60";"PROV1828";"ES";"EUR"
"Proveedor 673";"RECIBO";"ADELANTADO";"PROV1829";"ES";"EUR"
"Proveedor 674";"RECIBO";"ADELANTADO";"PROV1831";"ES";"EUR"
"Proveedor 675";"CONTADO";"ADELANTADO";"PROV1832";"ES";"EUR"
"Proveedor 677";"TRANSFE.";"1X30";"PROV1834";"CH";"USD"
"Proveedor 678";"TRANSFE.";"ADELANTADO";"PROV1835";"ES";"EUR"
"Proveedor 679";"RECIBO";"ADELANTADO";"PROV1836";"ES";"EUR"
"Proveedor 680";"TRANSFE.";"1X30";"PROV1837";"CN";"USD"
"Proveedor 681";"BANCO";"1X30";"PROV1838";"ES";"EUR"
"Proveedor 682";"BANCO";"1X60 D25";"PROV1839";"ES";"EUR"
"Proveedor 683";"TRANSFE.";"ADELANTADO";"PROV1840";"CN";"USD"
"Proveedor 684";"TRANSFE.";"1X60";"PROV1844";"ES";"EUR"
"Proveedor 686";"RECIBO";"1X60";"PROV1846";"ES";"EUR"
"Proveedor 687";"TRANSFE.";"1X60";"PROV1847";"ES";"EUR"
"Proveedor 688";"TRANSFE.";"ADELANTADO";"PROV1848";"ES";"EUR"
"Proveedor 689";"TRANSFE.";"ADELANTADO";"PROV1850";"ES";"EUR"
"Proveedor 690";"BANCO";"ADELANTADO";"PROV1851";"ES";"EUR"
"Proveedor 691";"RECIBO";"VISTA";"PROV1852";"ES";"EUR"
"Proveedor 692";"TRANSFE.";"1X30";"PROV1854";"CH";"USD"
"Proveedor 693";"TRANSFE.";"1X60";"PROV1855";"ES";"EUR"
"Proveedor 694";"CONTADO";"ADELANTADO";"PROV1856";"ES";"EUR"
"Proveedor 695";"BANCO";"VISTA";"PROV1858";"ES";"EUR"
"Proveedor 696";"RECIBO";"1X60";"PROV1859";"ES";"EUR"
"Proveedor 697";"TRANSFE.";"ADELANTADO";"PROV1860";"ES";"EUR"
"Proveedor 698";"RECIBO";"ADELANTADO";"PROV1861";"ES";"EUR"
"Proveedor 700";"TRANSFE.";"VISTA";"PROV1863";"CN";"USD"
"Proveedor 701";"RECIBO";"1X30";"PROV1864";"ES";"EUR"
"Proveedor 702";"TRANSFE.";"ADELANTADO";"PROV1865";"ES";"EUR"
"Proveedor 703";"RECIBO";"1X60";"PROV1866";"ES";"EUR"
"Proveedor 704";"TRANSFE.";"1X30";"PROV1867";"ES";"EUR"
"Proveedor 706";"RECIBO";"1X30";"PROV1869";"ES";"EUR"
"Proveedor 708";"TRANSFE.";"ADELANTADO";"PROV1871";"ES";"EUR"
"Proveedor 709";"TRANSFE.";"1X30";"PROV1873";"ES";"EUR"
"Proveedor 710";"TRANSFE.";"1X30";"PROV1874";"CH";"USD"
"Proveedor 711";"TRANSFE.";"1X30";"PROV1875";"CH";"USD"
"Proveedor 712";"RECIBO";"15DIAS";"PROV1876";"ES";"EUR"
"Proveedor 713";"TRANSFE.";"ADELANTADO";"PROV1877";"ES";"EUR"
"Proveedor 714";"RECIBO";"1X60";"PROV1878";"ES";"EUR"
"Proveedor 715";"GIRO";"1X60";"PROV1879";"ES";"EUR"
"Proveedor 716";"CAJA";"ADELANTADO";"PROV1880";"ES";"EUR"
"Proveedor 717";"TRANSFE.";"ADELANTADO";"PROV1881";"ES";"EUR"
"Proveedor 718";"TRANSFE.";"ADELANTADO";"PROV1882";"ES";"EUR"
"Proveedor 719";"CONTADO";"ADELANTADO";"PROV1883";"ES";"EUR"
"Proveedor 720";"TRANSFE.";"ADELANTADO";"PROV1884";"ES";"EUR"
"Proveedor 721";"RECIBO";"1X60";"PROV1886";"ES";"EUR"
"Proveedor 722";"RECIBO";"1X30";"PROV1889";"ES";"EUR"
"Proveedor 723";"TRANSFE.";"ADELANTADO";"PROV1890";"ES";"EUR"
"Proveedor 724";"TRANSFE.";"ADELANTADO";"PROV1891";"ES";"EUR"
"Proveedor 725";"RECIBO";"ADELANTADO";"PROV1892";"ES";"EUR"
"Proveedor 726";"RECIBO";"1X30";"PROV1893";"ES";"EUR"
"Proveedor 727";"RECIBO";"1X30";"PROV1894";"ES";"EUR"
"Proveedor 728";"TRANSFE.";"ADELANTADO";"PROV1896";"ES";"EUR"
"Proveedor 729";"TRANSFE.";"ADELANTADO";"PROV1897";"IN";"USD"
"Proveedor 730";"RECIBO";"ADELANTADO";"PROV1898";"ES";"EUR"
"Proveedor 731";"RECIBO";"1X60";"PROV1899";"ES";"EUR"
"Proveedor 732";"GIRO";"1X30";"PROV1900";"ES";"EUR"
"Proveedor 733";"TRANSFE.";"ADELANTADO";"PROV1901";"AE";"USD"
"Proveedor 734";"TRANSFE.";"1X30";"PROV1902";"ES";"EUR"
"Proveedor 735";"TRANSFE.";"ADELANTADO";"PROV1903";"ES";"EUR"
"Proveedor 736";"TRANSFE.";"ADELANTADO";"PROV1904";"ES";"EUR"
"Proveedor 737";"CONTADO";"ADELANTADO";"PROV1905";"ES";"EUR"
"Proveedor 738";"TRANSFE.";"ADELANTADO";"PROV1906";"ES";"EUR"
"Proveedor 739";"TRANSFE.";"1X60";"PROV1907";"ES";"EUR"
"Proveedor 740";"TRANSFE.";"ADELANTADO";"PROV1909";"ES";"EUR"
"Proveedor 741";"TRANSFE.";"1X60";"PROV1910";"ES";"EUR"
"Proveedor 742";"TRANSFE.";"ADELANTADO";"PROV1911";"ES";"EUR"
"Proveedor 743";"TRANSFE.";"ADELANTADO";"PROV1912";"ES";"EUR"
"Proveedor 744";"TRANSFE.";"ADELANTADO";"PROV1913";"ES";"EUR"
"Proveedor 745";"RECIBO";"1X60";"PROV1914";"ES";"EUR"
"Proveedor 746";"RECIBO";"1X30";"PROV1915";"ES";"EUR"
"Proveedor 747";"RECIBO";"1X30";"PROV1916";"ES";"EUR"
"Proveedor 748";"TRANSFE.";"ADELANTADO";"PROV1917";"ES";"EUR"
"Proveedor 749";"TRANSFE.";"ADELANTADO";"PROV1918";"ES";"EUR"
"Proveedor 750";"TRANSFE.";"ADELANTADO";"PROV1919";"ES";"EUR"
"Proveedor 751";"TRANSFE.";"ADELANTADO";"PROV1920";"ES";"EUR"
"Proveedor 752";"TRANSFE.";"ADELANTADO";"PROV1921";"ES";"EUR"
"Proveedor 753";"GIRO";"1X45";"PROV1922";"ES";"EUR"
"Proveedor 754";"TRANSFE.";"ADELANTADO";"PROV1923";"ES";"EUR"
"Proveedor 755";"TRANSFE.";"ADELANTADO";"PROV1924";"ES";"EUR"
"Proveedor 756";"CONTADO";"ADELANTADO";"PROV1925";"ES";"EUR"
"Proveedor 757";"RECIBO";"1X60";"PROV1926";"ES";"EUR"
"Proveedor 758";"RECIBO";"ADELANTADO";"PROV1927";"ES";"EUR"
"Proveedor 759";"TRANSFE.";"ADELANTADO";"PROV1929";"ES";"EUR"
"Proveedor 760";"RECIBO";"ADELANTADO";"PROV1930";"ES";"EUR"
"Proveedor 762";"TRANSFE.";"1X30";"PROV1932";"ES";"EUR"
"Proveedor 763";"TRANSFE.";"ADELANTADO";"PROV1933";"ES";"EUR"
"Proveedor 764";"RECIBO";"1X60";"PROV1934";"ES";"EUR"
"Proveedor 765";"TRANSFE.";"2X30";"PROV1935";"ES";"EUR"
"Proveedor 766";"TRANSFE.";"1X45D B/L";"PROV1936";"CH";"USD"
"Proveedor 767";"RECIBO";"ADELANTADO";"PROV1937";"ES";"EUR"
"Proveedor 768";"RECIBO";"1X45";"PROV1938";"ES";"EUR"
"Proveedor 769";"TRANSFE.";"ADELANTADO";"PROV1939";"ES";"EUR"
"Proveedor 770";"TRANSFE.";"1X0D";"PROV1940";"CH";"USD"
"Proveedor 771";"TRANSFE.";"1X30";"PROV1941";"ES";"EUR"
"Proveedor 772";"TRANSFE.";"ADELANTADO";"PROV1942";"ES";"EUR"
"Proveedor 773";"TRANSFE.";"ADELANTADO";"PROV1943";"ES";"EUR"
"Proveedor 774";"RECIBO";"1X30";"PROV1944";"ES";"EUR"
"Proveedor 775";"TRANSFE.";"ADELANTADO";"PROV1945";"ES";"EUR"
"Proveedor 776";"TRANSFE.";"ADELANTADO";"PROV1946";"ES";"EUR"
"Proveedor 777";"TRANSFE.";"ADELANTADO";"PROV1947";"ES";"EUR"
"Proveedor 778";;;"PROV1948";"CH";"USD"
"Proveedor 779";"TRANSFE.";"ADELANTADO";"PROV1949";"ES";"EUR"
"Proveedor 780";"TRANSFE.";"ADELANTADO";"PROV1950";"ES";"EUR"
"Proveedor 781";"RECIBO";"ADELANTADO";"PROV1951";"ES";"EUR"
"Proveedor 782";"TRANSFE.";"1X30";"PROV1952";"ES";"EUR"
"Proveedor 783";"TRANSFE.";"ADELANTADO";"PROV1953";"ES";"EUR"
"Proveedor 784";"TRANSFE.";"ADELANTADO";"PROV1954";"ES";"EUR"
"Proveedor 785";"RECIBO";"1X60";"PROV1955";"ES";"EUR"
"Proveedor 786";"TRANSFE.";"1X60";"PROV1956";"ES";"EUR"
"Proveedor 787";"TRANSFE.";"1X60";"PROV1957";"ES";"EUR"
"Proveedor 788";"TRANSFE.";"ADELANTADO";"PROV1958";"ES";"EUR"
"Proveedor 789";"CONTADO";"ADELANTADO";"PROV1959";"ES";"EUR"
"Proveedor 790";"RECIBO";"1X30";"PROV1960";"ES";"EUR"
"Proveedor 791";"RECIBO";"ADELANTADO";"PROV1962";"ES";"EUR"
"Proveedor 792";"TRANSFE.";"1X0D";"PROV1964";"CH";"USD"
"Proveedor 793";"RECIBO";"1X60";"PROV1965";"ES";"EUR"
"Proveedor 794";"TRANSFE.";"ADELANTADO";"PROV1966";"ES";"EUR"
"Proveedor 795";"TRANSFE.";"1X30";"PROV1967";"ES";"EUR"
"Proveedor 796";"TRANSFE.";"1X0D";"PROV1968";"CH";"USD"
"Proveedor 797";"CONTADO";"ADELANTADO";"PROV1969";"ES";"EUR"
"Proveedor 798";"TRANSFE.";"1X60";"PROV1970";"ES";"EUR"
"Proveedor 799";"TRANSFE.";"ADELANTADO";"PROV1971";"CN";"USD"
"Proveedor 800";"TRANSFE.";"ADELANTADO";"PROV1972";"ES";"EUR"
"Proveedor 801";"TRANSFE.";"ADELANTADO";"PROV1973";"ES";"EUR"
"Proveedor 802";"TRANSFE.";"ADELANTADO";"PROV1974";"ES";"EUR"
"Proveedor 803";"CONTADO";"ADELANTADO";"PROV1975";"ES";"EUR"
"Proveedor 805";"TRANSFE.";"1X30";"PROV1978";"ES";"EUR"
"Proveedor 806";"RECIBO";"1X60";"PROV1979";"ES";"EUR"
"Proveedor 807";"CONTADO";"ADELANTADO";"PROV1980";"ES";"EUR"
"Proveedor 808";"CONTADO";"ADELANTADO";"PROV1981";"ES";"EUR"
"Proveedor 809";"CONTADO";"ADELANTADO";"PROV1982";"ES";"EUR"
"Proveedor 810";"CONTADO";"ADELANTADO";"PROV1983";"CN";"USD"
"Proveedor 811";"TRANSFE.";"1X30";"PROV1984";"MX";"USD"
"Proveedor 812";"TRANSFE.";"ADELANTADO";"PROV1985";"ES";"EUR"
"Proveedor 813";"CAJA";"ADELANTADO";"PROV1986";"ES";"EUR"
"Proveedor 814";"TRANSFE.";"ADELANTADO";"PROV1987";"ES";"EUR"
"Proveedor 815";"RECIBO";"ADELANTADO";"PROV1989";"ES";"EUR"
"Proveedor 816";"RECIBO";"ADELANTADO";"PROV1990";"ES";"EUR"
"Proveedor 817";"TRANSFE.";"ADELANTADO";"PROV1991";"ES";"EUR"
"Proveedor 818";"RECIBO";"1X30";"PROV1992";"ES";"EUR"
"Proveedor 819";"RECIBO";"1X30";"PROV1993";"ES";"EUR"
"Proveedor 820";"TRANSFE.";"ADELANTADO";"PROV1994";"ES";"EUR"
"Proveedor 821";"TRANSFE.";"ADELANTADO";"PROV1995";"CN";"USD"
"Proveedor 822";"RECIBO";"1X30";"PROV1996";"ES";"EUR"
"Proveedor 823";"RECIBO";"1X30";"PROV1997";"ES";"EUR"
"Proveedor 824";"RECIBO";"1X30";"PROV1998";"ES";"EUR"
"Proveedor 825";"RECIBO";"1X60";"PROV1999";"ES";"EUR"
"Proveedor 826";"TRANSFE.";"ADELANTADO";"PROV2000";"ES";"EUR"
"Proveedor 827";"TRANSFE.";"ADELANTADO";"PROV2001";"ES";"EUR"
"Proveedor 828";"RECIBO";"1X30";"PROV2002";"ES";"EUR"
"Proveedor 829";"TRANSFE.";"ADELANTADO";"PROV2003";"ES";"EUR"
"Proveedor 830";"TRANSFE.";"ADELANTADO";"PROV2004";"ES";"EUR"
"Proveedor 831";"RECIBO";"1X60";"PROV2005";"ES";"EUR"
"Proveedor 832";"RECIBO";"1X30";"PROV2006";"ES";"EUR"
"Proveedor 833";"TRANSFE.";"ADELANTADO";"PROV2007";"ES";"EUR"
"Proveedor 834";"CONTADO";"ADELANTADO";"PROV2008";"ES";"EUR"
"Proveedor 835";"TRANSFE.";"2X30AD";"PROV2009";"ES";"EUR"
"Proveedor 836";"TRANSFE.";"ADELANTADO";"PROV2010";"ES";"EUR"
"Proveedor 837";"RECIBO";"ADELANTADO";"PROV2011";"ES";"EUR"
"Proveedor 838";"RECIBO";"1X30";"PROV2012";"ES";"EUR"
"Proveedor 839";"TRANSFE.";"1X30";"PROV2013";"ES";"EUR"
"Proveedor 840";"RECIBO";"1X30";"PROV2014";"ES";"EUR"
"Proveedor 841";"RECIBO";"1X30";"PROV2015";"ES";"EUR"
"Proveedor 842";"CONTADO";"ADELANTADO";"PROV2016";"HU";"EUR"
"Proveedor 843";"TRANSFE.";"1X30";"PROV2017";"CH";"USD"
"Proveedor 844";"RECIBO";"ADELANTADO";"PROV2018";"ES";"EUR"
"Proveedor 845";"TRANSFE.";"ADELANTADO";"PROV2019";"ES";"EUR"
"Proveedor 846";"TRANSFE.";"ADEL/APLA";"PROV2020";"ES";"EUR"
"Proveedor 847";"TRANSFE.";"1X60";"PROV2021";"ES";"EUR"
"Proveedor 848";"TRANSFE.";"ADELANTADO";"PROV2022";"ES";"EUR"
"Proveedor 849";"RECIBO";"ADELANTADO";"PROV2023";"ES";"EUR"
"Proveedor 850";"RECIBO";"1X30";"PROV2024";"ES";"EUR"
"Proveedor 851";"RECIBO";"1X30";"PROV2025";"ES";"EUR"
"Proveedor 852";"RECIBO";"1X60";"PROV2026";"ES";"EUR"
"Proveedor 854";"CONTADO";"ADELANTADO";"PROV2028";"ES";"EUR"
"Proveedor 855";"RECIBO";"1X60";"PROV2029";"ES";"EUR"
"Proveedor 856";"RECIBO";"1X60";"PROV2030";"ES";"EUR"
"Proveedor 857";"RECIBO";"1X60";"PROV2031";"ES";"EUR"
"Proveedor 858";"TRANSFE.";"ADELANTADO";"PROV2032";"ES";"EUR"
"Proveedor 859";"TRANSFE.";"1X30";"PROV2033";"ES";"EUR"
"Proveedor 860";"TRANSFE.";"1X30";"PROV2034";"ES";"EUR"
"Proveedor 862";"TRANSFE.";"2X30A";"PROV2036";"ES";"EUR"
"Proveedor 863";"CONTADO";"ADELANTADO";"PROV2037";"ES";"EUR"
"Proveedor 864";"TRANSFE.";"ADELANTADO";"PROV2038";"ES";"EUR"
"Proveedor 865";"CONTADO";"ADELANTADO";"PROV2039";"ES";"EUR"
"Proveedor 866";"TRANSFE.";"2X30%BL";"PROV2040";"ES";"EUR"
"Proveedor 867";"TRANSFE.";"ADELANTADO";"PROV2041";"ES";"EUR"
"Proveedor 868";"RECIBO";"ADELANTADO";"PROV2042";"ES";"EUR"
"Proveedor 869";"TRANSFE.";"1X30";"PROV2043";"ES";"EUR"
"Proveedor 870";"RECIBO";"1X60";"PROV2044";"ES";"EUR"
"Proveedor 871";"TRANSFE.";"ADELANTADO";"PROV2045";"ES";"EUR"
"Proveedor 872";"TRANSFE.";"1X60";"PROV2046";"ES";"EUR"
"Proveedor 873";"TRANSFE.";"30/70";"PROV2047";"ES";"EUR"
"Proveedor 874";"TRANSFE.";"ADELANTADO";"PROV2048";"ES";"EUR"
"Proveedor 875";"TRANSFE.";"ADELANTADO";"PROV2049";"ES";"EUR"
"Proveedor 876";"TRANSFE.";"ADELANTADO";"PROV2050";"ES";"EUR"
"Proveedor 877";"TRANSFE.";"-";"PROV2051";"ES";"EUR"
"Proveedor 878";"CONTADO";"ADELANTADO";"PROV2052";"ES";"EUR"
"Proveedor 879";"CONTADO";"ADELANTADO";"PROV2053";"CN";"USD"
"Proveedor 880";"TRANSFE.";"ADELANTADO";"PROV2054";"PT";"EUR"
"Proveedor 881";"TRANSFE.";"ADELANTADO";"PROV2055";"FR";"EUR"
"Proveedor 882";"TRANSFE.";"1X60";"PROV2056";"ES";"EUR"
"Proveedor 883";"RECIBO";"1X60";"PROV2057";"ES";"EUR"
"Proveedor 884";"TRANSFE.";"ADELANTADO";"PROV2058";"ES";"EUR"
"Proveedor 885";"RECIBO";"1X60";"PROV2059";"ES";"EUR"
"Proveedor 886";"VISA";"ADELANTADO";"PROV2060";"IE";"EUR"
"Proveedor 887";"TRANSFE.";"ADELANTADO";"PROV2061";"ES";"EUR"
"Proveedor 888";"TRANSFE.";"ADELANTADO";"PROV2062";"ES";"EUR"
"Proveedor 890";"VISA";"ADELANTADO";"PROV2064";"ES";"EUR"
"Proveedor 891";"VISA";"ADELANTADO";"PROV2065";"ES";"EUR"
"Proveedor 892";"TRANSFE.";"ADELANTADO";"PROV2066";"ES";"EUR"
"Proveedor 893";"RECIBO";"1X60";"PROV2067";"ES";"EUR"
"Proveedor 894";"TRANSFE.";"1X30";"PROV2068";"ES";"EUR"
"Proveedor 895";"RECIBO";"1X75";"PROV2069";"ES";"EUR"
"Proveedor 896";"VISA";"ADELANTADO";"PROV2070";"ES";"EUR"
"Proveedor 897";"VISA";"ADELANTADO";"PROV2071";"ES";"EUR"
"Proveedor 898";"VISA";"ADELANTADO";"PROV2072";"ES";"EUR"
"Proveedor 899";"TRANSFE.";"1X60";"PROV2073";"ES";"EUR"
"Proveedor 900";"RECIBO";"1X30";"PROV2074";"ES";"EUR"
"Proveedor 901";"VISA";"ADELANTADO";"PROV2075";"ES";"EUR"
"Proveedor 902";"TRANSFE.";"ADELANTADO";"PROV2076";"ES";"EUR"
"Proveedor 904";"VISA";"ADELANTADO";"PROV2078";"ES";"EUR"
"Proveedor 905";"VISA";"ADELANTADO";"PROV2079";"ES";"EUR"
"Proveedor 906";"CONTADO";"ADELANTADO";"PROV2080";"ES";"EUR"
"Proveedor 907";"RECIBO";"1X30";"PROV2081";"ES";"EUR"
"Proveedor 908";"RECIBO";"ADELANTADO";"PROV2082";"ES";"EUR"
"Proveedor 909";"RECIBO";"ADELANTADO";"PROV2083";"ES";"EUR"
"Proveedor 910";"RECIBO";"ADELANTADO";"PROV2084";"ES";"EUR"
"Proveedor 911";"VISA";"ADELANTADO";"PROV2085";"ES";"EUR"
"Proveedor 912";"RECIBO";"1X30";"PROV2086";"ES";"EUR"
"Proveedor 914";"VISA";"ADELANTADO";"PROV2088";"ES";"EUR"
"Proveedor 915";"TRANSFE.";"ADELANTADO";"PROV2089";"ES";"EUR"
"Proveedor 916";"TRANSFE.";"-";"PROV2090";"ES";"EUR"
"Proveedor 917";"TRANSFE.";"ADELANTADO";"PROV2091";"ES";"EUR"
"Proveedor 918";"RECIBO";"1X30";"PROV2092";"ES";"EUR"
"Proveedor 919";"TRANSFE.";"1X60";"PROV2093";"ES";"EUR"
"Proveedor 920";"TRANSFE.";"-";"PROV2094";"ES";"EUR"
"Proveedor 921";"TRANSFE.";"ADELANTADO";"PROV2095";"ES";"EUR"
"Proveedor 922";"TRANSFE.";"ADELANTADO";"PROV2096";"ES";"EUR"
"Proveedor 923";"TRANSFE.";"30/70";"PROV2097";"ES";"EUR"
"Proveedor 924";"RECIBO";"1X60";"PROV2098";"ES";"EUR"
"Proveedor 925";"TRANSFE.";"ADELANTADO";"PROV2099";"ES";"EUR"
"Proveedor 926";"RECIBO";"1X30";"PROV2100";"ES";"EUR"
"Proveedor 927";"TRANSFE.";"ADELANTADO";"PROV2101";"ES";"EUR"
"Proveedor 928";"RECIBO";"ADELANTADO";"PROV2102";"ES";"EUR"
"Proveedor 929";"TRANSFE.";"1X30";"PROV2103";"ES";"EUR"
"Proveedor 930";"TRANSFE.";"ADELANTADO";"PROV2104";"ES";"EUR"
"Proveedor 931";"TRANSFE.";"1X30";"PROV2105";"ES";"EUR"
"Proveedor 932";"VISA";"ADELANTADO";"PROV2106";"FR";"EUR"
"Proveedor 933";"VISA";"ADELANTADO";"PROV2107";"ES";"EUR"
"Proveedor 934";"RECIBO";"1X30";"PROV2108";"ES";"EUR"
"Proveedor 935";"TRANSFE.";"ADELANTADO";"PROV2109";"ES";"EUR"
"Proveedor 936";"RECIBO";"-";"PROV2110";"ES";"EUR"
"Proveedor 937";"RECIBO";"ADELANTADO";"PROV2111";"ES";"EUR"
"Proveedor 938";"TRANSFE.";"ADELANTADO";"PROV2112";"ES";"EUR"
"Proveedor 939";"TRANSFE.";"ADEL/APLA";"PROV2113";"ES";"EUR"
"Proveedor 940";"RECIBO";"1X30";"PROV2114";"ES";"EUR"
"Proveedor 941";"TRANSFE.";"ADELANTADO";"PROV2115";"ES";"EUR"
"Proveedor 942";"TRANSFE.";"ADELANTADO";"PROV2116";"ES";"EUR"
"Proveedor 943";"TRANSFE.";"1X60";"PROV2117";"ES";"EUR"
"Proveedor 944";"TRANSFE.";"1X30";"PROV2118";"ES";"EUR"
"Proveedor 945";"RECIBO";"1X30";"PROV2119";"ES";"EUR"
"Proveedor 946";"TRANSFE.";"-";"PROV2120";"ES";"EUR"
"Proveedor 947";"TRANSFE.";"ADELANTADO";"PROV2121";"ES";"EUR"
"Proveedor 948";"RECIBO";"-";"PROV2122";"ES";"EUR"
"Proveedor 950";"VISA";"ADELANTADO";"PROV2124";"ES";"EUR"
"Proveedor 951";"TRANSFE.";"ADELANTADO";"PROV2125";"ES";"EUR"
"Proveedor 952";"TRANSFE.";"1X60";"PROV2126";"ES";"EUR"
"Proveedor 953";"CONTADO";"ADELANTADO";"PROV2127";"ES";"EUR"
"Proveedor 954";"TRANSFE.";"1X60 D25";"PROV2128";"ES";"EUR"
"Proveedor 955";"RECIBO";"-";"PROV2129";"ES";"EUR"
"Proveedor 956";"RECIBO";"1X30";"PROV2130";"ES";"EUR"
"Proveedor 957";"CONTADO";"ADELANTADO";"PROV2131";"ES";"EUR"
"Proveedor 958";"VISA";"ADELANTADO";"PROV2132";"ES";"EUR"
"Proveedor 959";"TRANSFE.";"ADELANTADO";"PROV2133";"ES";"EUR"
"Proveedor 960";"RECIBO";"1X30";"PROV2134";"ES";"EUR"
"Proveedor 961";"TRANSFE.";"ADELANTADO";"PROV2135";"ES";"EUR"
"Proveedor 962";"RECIBO";"1X60";"PROV2136";"ES";"EUR"
"Proveedor 963";"TRANSFE.";"1X30";"PROV2137";"ES";"EUR"
"Proveedor 964";"TRANSFE.";"-";"PROV2138";"ES";"EUR"
"Proveedor 966";"VISA";"ADELANTADO";"PROV2140";"ES";"EUR"
"Proveedor 967";"RECIBO";"1X30";"PROV2141";"ES";"EUR"
"Proveedor 968";"TRANSFE.";"ADELANTADO";"PROV2142";"ES";"EUR"
"Proveedor 969";"TRANSFE.";"-";"PROV2143";"ES";"EUR"
"Proveedor 970";"TRANSFE.";"ADELANTADO";"PROV2144";"ES";"EUR"
"Proveedor 971";"RECIBO";"1X30";"PROV2145";"ES";"EUR"
"Proveedor 972";"TRANSFE.";"1X30";"PROV2146";"BE";"EUR"
"Proveedor 973";"VISA";"ADELANTADO";"PROV2147";"ES";"EUR"
"Proveedor 974";"VISA";"ADELANTADO";"PROV2148";"ES";"EUR"
"Proveedor 975";"TRANSFE.";"ADELANTADO";"PROV2149";"ES";"EUR"
"Proveedor 976";"TRANSFE.";"ADELANTADO";"PROV2150";"ES";"EUR"
"Proveedor 978";"TRANSFE.";"1X30";"PROV2152";"ES";"EUR"
"Proveedor 979";"TRANSFE.";"-";"PROV2153";"ES";"EUR"
"Proveedor 980";"TRANSFE.";"-";"PROV2154";"ES";"EUR"
"Proveedor 981";"TRANSFE.";"1X30";"PROV2156";"ES";"EUR"
"Proveedor 982";"TRANSFE.";"ADELANTADO";"PROV2157";"ES";"EUR"
"Proveedor 983";"CONTADO";"ADELANTADO";"PROV2159";"ES";"EUR"
"Proveedor 984";"RECIBO";"1X60";"PROV2160";"ES";"EUR"
"Proveedor 985";"CONTADO";"1X60";"PROV2161";"ES";"EUR"
"Proveedor 986";"RECIBO";"1X30";"PROV2162";"ES";"EUR"
"Proveedor 987";"TRANSFE.";"ADELANTADO";"PROV2163";"ES";"EUR"
"Proveedor 988";"TRANSFE.";"1X30";"PROV2164";"CH";"USD"
"Proveedor 989";"TRANSFE.";"-";"PROV2165";"ES";"EUR"
"Proveedor 990";"VISA";"ADELANTADO";"PROV2166";"ES";"EUR"
"Proveedor 991";"VISA";"ADELANTADO";"PROV2167";"ES";"EUR"
"Proveedor 992";"VISA";"ADELANTADO";"PROV2168";"ES";"EUR"
"Proveedor 993";"VISA";"ADELANTADO";"PROV2169";"ES";"EUR"
"Proveedor 994";"VISA";"ADELANTADO";"PROV2170";"ES";"EUR"
"Proveedor 995";"VISA";"ADELANTADO";"PROV2171";"ES";"EUR"
"Proveedor 996";"TRANSFE.";"ADELANTADO";"PROV2172";"ES";"EUR"
"Proveedor 997";"VISA";"ADELANTADO";"PROV2173";"ES";"EUR"
"Proveedor 998";"RECIBO";"ADELANTADO";"PROV2174";"ES";"EUR"
"Proveedor 999";"VISA";"ADELANTADO";"PROV2175";"ES";"EUR"
"Proveedor 1000";"VISA";"ADELANTADO";"PROV2176";"ES";"EUR"
"Proveedor 1001";"RECIBO";"1X60";"PROV2177";"ES";"EUR"
"Proveedor 1003";"RECIBO";"1X60";"PROV2179";"ES";"EUR"
"Proveedor 1004";"VISA";"ADELANTADO";"PROV2180";"TR";"USD"
"Proveedor 1005";"TRANSFE.";"ADELANTADO";"PROV2181";"ES";"EUR"
"Proveedor 1007";"TRANSFE.";"14DIAS";"PROV2183";"CN";"USD"
"Proveedor 1008";"TRANSFE.";"-";"PROV2184";"ES";"EUR"
"Proveedor 1009";"CAJA";"ADELANTADO";"PROV2185";"ES";"EUR"
"Proveedor 1010";"TRANSFE.";"1X30";"PROV2186";"ES";"EUR"
"Proveedor 1011";"TRANSFE.";"ADELANTADO";"PROV2187";"ES";"EUR"
"Proveedor 1012";"RECIBO";"1X30";"PROV2188";"ES";"EUR"
"Proveedor 1013";"RECIBO";"ADELANTADO";"PROV2189";"ES";"EUR"
"Proveedor 1014";"RECIBO";"1X30";"PROV2190";"ES";"EUR"
"Proveedor 1015";"VISA";"ADELANTADO";"PROV2191";"ES";"EUR"
"Proveedor 1016";"RECIBO";"ADELANTADO";"PROV2192";"ES";"EUR"
"Proveedor 1017";"TRANSFE.";"ADELANTADO";"PROV2193";"ES";"EUR"
"Proveedor 1018";"VISA";"ADELANTADO";"PROV2194";"ES";"EUR"
"Proveedor 1019";"VISA";"ADELANTADO";"PROV2195";"ES";"EUR"
"Proveedor 1020";"TRANSFE.";"ADELANTADO";"PROV2196";"ES";"EUR"
"Proveedor 1022";"RECIBO";"ADELANTADO";"PROV2198";"ES";"EUR"
"Proveedor 1023";"TRANSFE.";"-";"PROV2199";"ES";"EUR"
"Proveedor 1024";"CONTADO";"ADELANTADO";"PROV2200";"ES";"EUR"
"Proveedor 1025";"TRANSFE.";"-";"PROV2201";"CN";"USD"
"Proveedor 1026";"RECIBO";"ADELANTADO";"PROV2202";"ES";"EUR"
"Proveedor 1027";"RECIBO";"ADELANTADO";"PROV2203";"ES";"EUR"
"Proveedor 1028";"RECIBO";"ADELANTADO";"PROV2204";"ES";"EUR"
"Proveedor 1029";"TRANSFE.";"ADELANTADO";"PROV2205";"ES";"EUR"
"Proveedor 1030";"TRANSFE.";"1X60";"PROV2206";"ES";"EUR"
"Proveedor 1031";"RECIBO";"1X30";"PROV2207";"ES";"EUR"
"Proveedor 1032";"TRANSFE.";"ADELANTADO";"PROV2208";"ES";"EUR"
"Proveedor 1033";"VISA";"ADELANTADO";"PROV2209";"ES";"EUR"
"Proveedor 1034";"TRANSFE.";"-";"PROV2210";"ES";"EUR"
"Proveedor 1035";"VISA";"ADELANTADO";"PROV2211";"ES";"EUR"
"Proveedor 1036";"VISA";"ADELANTADO";"PROV2212";"ES";"EUR"
"Proveedor 1037";"CONTADO";"ADELANTADO";"PROV2213";"ES";"EUR"
"Proveedor 1038";"RECIBO";"1X45";"PROV2214";"ES";"EUR"
"Proveedor 1039";"VISA";"ADELANTADO";"PROV2215";"ES";"EUR"
"Proveedor 1040";"VISA";"ADELANTADO";"PROV2216";"ES";"EUR"
"Proveedor 1041";"VISA";"ADELANTADO";"PROV2217";"CN";"USD"
"Proveedor 1042";"TRANSFE.";"-";"PROV2218";"ES";"EUR"
"Proveedor 1043";"TRANSFE.";"1X30";"PROV2219";"ES";"EUR"
"Proveedor 1044";"VISA";"ADELANTADO";"PROV2220";"ES";"EUR"
"Proveedor 1045";"VISA";"ADELANTADO";"PROV2221";"ES";"EUR"
"Proveedor 1046";"VISA";"ADELANTADO";"PROV2222";"ES";"EUR"
"Proveedor 1047";"VISA";"ADELANTADO";"PROV2223";"ES";"EUR"
"Proveedor 1048";"VISA";"ADELANTADO";"PROV2224";"RU";"USD"
"Proveedor 1049";"VISA";"ADELANTADO";"PROV2225";"ES";"EUR"
"Proveedor 1050";"VISA";"ADELANTADO";"PROV2226";"ES";"EUR"
"Proveedor 1051";"VISA";"ADELANTADO";"PROV2227";"ES";"EUR"
"Proveedor 1052";"VISA";"ADELANTADO";"PROV2228";"ES";"EUR"
"Proveedor 1053";"VISA";"ADELANTADO";"PROV2229";"ES";"EUR"
"Proveedor 1054";"VISA";"ADELANTADO";"PROV2230";"ES";"EUR"
"Proveedor 1055";"RECIBO";"1X45";"PROV2231";"ES";"EUR"
"Proveedor 1056";"CAJA";"ADELANTADO";"PROV2232";"ES";"EUR"
"Proveedor 1057";"CONTADO";"ADELANTADO";"PROV2233";"ES";"EUR"
"Proveedor 1058";"TRANSFE.";"ADELANTADO";"PROV2234";"ES";"EUR"
"Proveedor 1059";"RECIBO";"1X45";"PROV2235";"ES";"EUR"
"Proveedor 1060";"VISA";"ADELANTADO";"PROV2236";"ES";"EUR"
"Proveedor 1061";"RECIBO";"1X60";"PROV2237";"ES";"EUR"
"Proveedor 1062";"RECIBO";"1X30";"PROV2238";"ES";"EUR"
"Proveedor 1063";"TRANSFE.";"ADELANTADO";"PROV2239";"ES";"EUR"
"Proveedor 1064";"RECIBO";"1X30";"PROV2240";"ES";"EUR"
"Proveedor 1066";"TRANSFE.";"1X60";"PROV2242";"ES";"EUR"
"Proveedor 1067";"TRANSFE.";"1X30";"PROV2243";"ES";"EUR"
"Proveedor 1068";"TRANSFE.";"-";"PROV2244";"ES";"EUR"
"Proveedor 1069";"VISA";"ADELANTADO";"PROV2245";"ES";"EUR"
"Proveedor 1070";"TRANSFE.";"10DIAS";"PROV2246";"ES";"EUR"
"Proveedor 1071";"TRANSFE.";"1X60";"PROV2247";"ES";"EUR"
"Proveedor 1072";"CONTADO";"ADELANTADO";"PROV2248";"ES";"EUR"
"Proveedor 1073";"VISA";"ADELANTADO";"PROV2249";"FR";"EUR"
"Proveedor 1074";"VISA";"ADELANTADO";"PROV2250";"ES";"EUR"
"Proveedor 1075";"TRANSFE.";"ADELANTADO";"PROV2251";"CN";"USD"
"Proveedor 1076";"TRANSFE.";"1X30";"PROV2252";"ES";"EUR"
"Proveedor 1077";"CONTADO";"ADELANTADO";"PROV2253";"ES";"EUR"
"Proveedor 1078";"TRANSFE.";"1X30";"PROV2254";"ES";"EUR"
"Proveedor 1079";"TRANSFE.";"1X30";"PROV2255";"ES";"EUR"
"Proveedor 1080";"TRANSFE.";"20DIAS";"PROV2256";"CH";"USD"
"Proveedor 1081";"TRANSFE.";"1X30";"PROV2257";"ES";"EUR"
"Proveedor 1082";"TRANSFE.";"ADELANTADO";"PROV2258";"ES";"EUR"
"Proveedor 1083";"TRANSFE.";"ADELANTADO";"PROV2259";"PT";"EUR"
"Proveedor 1084";"TRANSFE.";"ADELANTADO";"PROV2260";"ES";"EUR"
"Proveedor 1085";"RECIBO";"1X60";"PROV2261";"ES";"EUR"
"Proveedor 1086";"TRANSFE.";"1X30";"PROV2262";"ES";"EUR"
"Proveedor 1087";"VISA";"ADELANTADO";"PROV2263";"ES";"EUR"
"Proveedor 1088";"VISA";"ADELANTADO";"PROV2264";"ES";"EUR"
"Proveedor 1089";"VISA";"ADELANTADO";"PROV2265";"ES";"EUR"
"Proveedor 1090";"VISA";"ADELANTADO";"PROV2266";"ES";"EUR"
"Proveedor 1091";"VISA";"ADELANTADO";"PROV2267";"ES";"EUR"
"Proveedor 1092";"VISA";"ADELANTADO";"PROV2268";"ES";"EUR"
"Proveedor 1093";"VISA";"ADELANTADO";"PROV2269";"ES";"EUR"
"Proveedor 1094";"VISA";"ADELANTADO";"PROV2270";"ES";"EUR"
"Proveedor 1095";"VISA";"ADELANTADO";"PROV2271";"ES";"EUR"
"Proveedor 1096";"VISA";"ADELANTADO";"PROV2272";"ES";"EUR"
"Proveedor 1097";"VISA";"ADELANTADO";"PROV2273";"MX";"USD"
"Proveedor 1098";"VISA";"ADELANTADO";"PROV2274";"ES";"EUR"
"Proveedor 1099";"RECIBO";"1X30";"PROV2275";"ES";"EUR"
"Proveedor 1100";"VISA";"ADELANTADO";"PROV2276";"ES";"EUR"
"Proveedor 1101";"RECIBO";"1X30";"PROV2277";"ES";"EUR"
"Proveedor 1102";"RECIBO";"1X30";"PROV2278";"ES";"EUR"
"Proveedor 1103";"VISA";"ADELANTADO";"PROV2279";"ES";"EUR"
"Proveedor 1104";"VISA";"ADELANTADO";"PROV2280";"ES";"EUR"
"Proveedor 1105";"VISA";"ADELANTADO";"PROV2281";"ES";"EUR"
"Proveedor 1106";"TRANSFE.";"1X0D";"PROV2282";"CH";"USD"
"Proveedor 1107";"TRANSFE.";"1X0D";"PROV2283";"CH";"USD"
"Proveedor 1108";"CONTADO";"ADELANTADO";"PROV2284";"ES";"EUR"
"Proveedor 1109";"CONTADO";"ADELANTADO";"PROV2285";"ES";"EUR"
"Proveedor 1110";"VISA";"ADELANTADO";"PROV2286";"ES";"EUR"
"Proveedor 1111";"TRANSFE.";"ADELANTADO";"PROV2287";"ES";"EUR"
"Proveedor 1113";"VISA";"ADELANTADO";"PROV2289";"ES";"EUR"
"Proveedor 1114";"VISA";"ADELANTADO";"PROV2290";"ES";"EUR"
"Proveedor 1115";"VISA";"ADELANTADO";"PROV2291";"ES";"EUR"
"Proveedor 1116";"VISA";"ADEL/APLA";"PROV2292";"ES";"EUR"
"Proveedor 1117";"TRANSFE.";"ADELANTADO";"PROV2293";"ES";"EUR"
"Proveedor 1118";"TRANSFE.";"ADELANTADO";"PROV2294";"ES";"EUR"
"Proveedor 1119";"RECIBO";"1X60";"PROV2295";"ES";"EUR"
"Proveedor 1120";"RECIBO";"15DIAS";"PROV2296";"ES";"EUR"
"Proveedor 1121";"RECIBO";"ADELANTADO";"PROV2298";"ES";"EUR"
"Proveedor 1122";"TRANSFE.";"1X60";"PROV2299";"ES";"EUR"
"Proveedor 1123";"RECIBO";"ADELANTADO";"PROV2300";"ES";"EUR"
"Proveedor 1124";"TRANSFE.";"1X30";"PROV2301";"ES";"EUR"
"Proveedor 1125";"TRANSFE.";"ADELANTADO";"PROV2302";"ES";"EUR"
"Proveedor 1126";"VISA";"ADELANTADO";"PROV2303";"CN";"USD"
"Proveedor 1127";"TRANSFE.";"ADELANTADO";"PROV2304";"ES";"EUR"
"Proveedor 1128";"TRANSFE.";"ADELANTADO";"PROV2305";"PE";"USD"
"Proveedor 1130";"TRANSFE.";"ADELANTADO";"PROV2307";"ES";"EUR"
"Proveedor 1131";"RECIBO";"ADELANTADO";"PROV2308";"ES";"EUR"
"Proveedor 1132";"TRANSFE.";"1X30";"PROV2309";"ES";"EUR"
"Proveedor 1133";"TRANSFE.";"1X30";"PROV2310";"ES";"EUR"
"Proveedor 1134";"TRANSFE.";"1X0D";"PROV2311";"SA";"USD"
"Proveedor 1135";"CAJA";"ADELANTADO";"PROV2312";"ES";"EUR"
"Proveedor 1136";"CAJA";"ADELANTADO";"PROV2313";"ES";"EUR"
"Proveedor 1137";"CAJA";"ADELANTADO";"PROV2314";"ES";"EUR"
"Proveedor 1138";"VISA";"ADELANTADO";"PROV2315";"ES";"EUR"
"Proveedor 1139";"VISA";"ADELANTADO";"PROV2316";"FR";"EUR"
"Proveedor 1140";"VISA";"ADELANTADO";"PROV2317";"ES";"EUR"
"Proveedor 1141";"TRANSFE.";"1X0D";"PROV2318";"CH";"USD"
"Proveedor 1142";"TRANSFE.";"1X60";"PROV2319";"ES";"EUR"
"Proveedor 1143";"RECIBO";"1X60";"PROV2320";"ES";"EUR"
"Proveedor 1144";"TRANSFE.";"1X30";"PROV2321";"ES";"EUR"
"Proveedor 1145";"TRANSFE.";"1X30";"PROV2323";"ES";"EUR"
"Proveedor 1146";"TRANSFE.";"ADELANTADO";"PROV2324";"ES";"EUR"
"Proveedor 1147";"CONTADO";"ADELANTADO";"PROV2325";"ES";"EUR"
"Proveedor 1148";"RECIBO";"1X30";"PROV2326";"ES";"EUR"
"Proveedor 1149";"VISA";"ADELANTADO";"PROV2327";"HU";"EUR"
"Proveedor 1150";"RECIBO";"1X60";"PROV2328";"ES";"EUR"
"Proveedor 1151";"TRANSFE.";"ADELANTADO";"PROV2329";"ES";"EUR"
"Proveedor 1152";"VISA";"ADELANTADO";"PROV2330";"ES";"EUR"
"Proveedor 1153";"TRANSFE.";"1X30";"PROV2331";"ES";"EUR"
"Proveedor 1154";"TRANSFE.";"1X45";"PROV2332";"AE";"USD"
"Proveedor 1155";"TRANSFE.";"ADELANTADO";"PROV2333";"FR";"EUR"
"Proveedor 1156";"TRANSFE.";"1X60";"PROV2334";"ES";"EUR"
"Proveedor 1157";"RECIBO";"1X30";"PROV2335";"ES";"EUR"
"Proveedor 1158";"TRANSFE.";"ADELANTADO";"PROV2336";"ES";"EUR"
"Proveedor 1159";"TRANSFE.";"1X30";"PROV2337";"ES";"EUR"
"Proveedor 1160";"TRANSFE.";"1X30";"PROV2338";"ES";"EUR"
"Proveedor 1162";"VISA";"ADELANTADO";"PROV2340";"ES";"EUR"
"Proveedor 1163";"RECIBO";"1X30";"PROV2341";"ES";"EUR"
"Proveedor 1164";"TRANSFE.";"ADELANTADO";"PROV2342";"ES";"EUR"
"Proveedor 1165";"TRANSFE.";"2X";"PROV2343";"KR";"USD"
"Proveedor 1166";"CAJA";"ADELANTADO";"PROV2344";"ES";"EUR"
"Proveedor 1167";"TRANSFE.";"1X60";"PROV2345";"ES";"EUR"
"Proveedor 1168";"TRANSFE.";"ADELANTADO";"PROV2346";"ES";"EUR"
"Proveedor 1169";"TRANSFE.";"ADELANTADO";"PROV2347";"KR";"USD"
"Proveedor 1170";"TRANSFE.";"ADELANTADO";"PROV2348";"ES";"EUR"
"Proveedor 1171";"TRANSFE.";"1X30";"PROV2349";"ES";"EUR"
"Proveedor 1172";"RECIBO";"1X30";"PROV2350";"ES";"EUR"
"Proveedor 1173";"TRANSFE.";"ADELANTADO";"PROV2351";"ES";"EUR"
"Proveedor 1174";"RECIBO";"1X30";"PROV2352";"ES";"EUR"
"Proveedor 1175";"RECIBO";"1X60";"PROV2353";"ES";"EUR"
"Proveedor 1176";"VISA";"ADELANTADO";"PROV2354";"ES";"EUR"
"Proveedor 1178";"TRANSFE.";"15DIAS";"PROV2356";"ES";"EUR"
"Proveedor 1179";"GIRO";"1X30";"PROV2357";"ES";"EUR"
"Proveedor 1180";"TRANSFE.";"ADELANTADO";"PROV2358";"ES";"EUR"
"Proveedor 1181";"RECIBO";"1X30";"PROV2359";"ES";"EUR"
"Proveedor 1182";"VISA";"ADELANTADO";"PROV2360";"ES";"EUR"
"Proveedor 1183";"RECIBO";"1X60";"PROV2361";"ES";"EUR"
"Proveedor 1184";"VISA";"ADELANTADO";"PROV2362";"ES";"EUR"
"Proveedor 1185";"VISA";"ADELANTADO";"PROV2363";"CN";"USD"
"Proveedor 1186";"VISA";"ADELANTADO";"PROV2364";"ES";"EUR"
"Proveedor 1187";"TRANSFE.";"ADELANTADO";"PROV2365";"ES";"EUR"
"Proveedor 1189";"VISA";"ADELANTADO";"PROV2367";"CH";"USD"
"Proveedor 1190";"RECIBO";"15DIAS";"PROV2368";"ES";"EUR"
"Proveedor 1191";"RECIBO";"1X60";"PROV2369";"ES";"EUR"
"Proveedor 1193";"VISA";"ADELANTADO";"PROV2371";"ES";"EUR"
"Proveedor 1194";"VISA";"ADELANTADO";"PROV2372";"SE";"EUR"
"Proveedor 1196";"TRANSFE.";"1X75";"PROV2374";"IT";"EUR"
"Proveedor 1197";"VISA";"ADELANTADO";"PROV2375";"ES";"EUR"
"Proveedor 1198";"VISA";"ADELANTADO";"PROV2376";"ES";"EUR"
"Proveedor 1199";"TRANSFE.";"1X30";"PROV2377";"ES";"EUR"
"Proveedor 1200";"TRANSFE.";"ADELANTADO";"PROV2378";"ES";"EUR"
"Proveedor 1201";"VISA";"ADELANTADO";"PROV2379";"ES";"EUR"
"Proveedor 1202";"VISA";"ADELANTADO";"PROV2380";"ES";"EUR"
"Proveedor 1203";"RECIBO";"1X60";"PROV2381";"ES";"EUR"
"Proveedor 1204";"CONTADO";"ADELANTADO";"PROV2382";"ES";"EUR"
"Proveedor 1205";"VISA";"ADELANTADO";"PROV2383";"FR";"EUR"
"Proveedor 1206";"TRANSFE.";"2XADE";"PROV2384";"CH";"USD"
"Proveedor 1207";"RECIBO";"1X30";"PROV2385";"ES";"EUR"
"Proveedor 1208";"TRANSFE.";"ADELANTADO";"PROV2386";"ES";"EUR"
"Proveedor 1209";"CAJA";"ADELANTADO";"PROV2387";"ES";"EUR"
"Proveedor 1210";"RECIBO";"1X60";"PROV2388";"ES";"EUR"
"Proveedor 1212";"TRANSFE.";"1X30";"PROV2390";"ES";"EUR"
"Proveedor 2";"TRANSFE.";"ADELANTADO";"PROV41000008";"ES";"EUR"
"Proveedor 2";"TRANSFE.";"ADELANTADO";"PROV1575";"ES";"EUR"
"Proveedor 5";"TRANSFE.";"ADELANTADO";"PROV1511";"CN";"USD"
"Proveedor 5";"TRANSFE.";"REPOSICION";"PROV1625";"IE";"EUR"
"Proveedor 6";"RECIBO";"15DIAS";"PROV1540";"ES";"EUR"
"Proveedor 25";"RECIBO";"1X90";"PROV40001469";"ES";"EUR"
"Proveedor 38";"RECIBO";"1X60";"PROV40002720";"ES";"EUR"
"Proveedor 39";"TRANSFE.";"ADELANTADO";"PROV40200000";"ES";"EUR"
"Proveedor 40";"TRANSFE.";"ADELANTADO";"PROV41000014";"ES";"EUR"
"Proveedor 41";"TRANSFE.";"ADELANTADO";"PROV41000032";"ES";"EUR"
"Proveedor 42";"TRANSFE.";"ADELANTADO";"PROV41000046";"ES";"EUR"
"Proveedor 43";"TRANSFE.";"ADELANTADO";"PROV41000048";"ES";"EUR"
"Proveedor 44";"TRANSFE.";"ADELANTADO";"PROV41000077";"IN";"USD"
"Proveedor 45";"TRANSFE.";"ADELANTADO";"PROV41000104";"ES";"EUR"
"Proveedor 47";"RECIBO";"1X30";"PROV41000116";"ES";"EUR"
"Proveedor 53";"RECIBO";"1X30";"PROV41000175";"ES";"EUR"
"Proveedor 57";"RECIBO";"1X30";"PROV41000199";"ES";"EUR"
"Proveedor 58";"TALON";"ADELANTADO";"PROV41000205";"ES";"EUR"
"Proveedor 62";"CAN PAGO A";"ADELANTADO";"PROV41000290";"ES";"EUR"
"Proveedor 65";"TRANSFE.";"ADELANTADO";"PROV41000311";"ES";"EUR"
"Proveedor 66";"RECIBO";"1X30";"PROV41000320";"ES";"EUR"
"Proveedor 69";"TALON";"ADELANTADO";"PROV41000326";"ES";"EUR"
"Proveedor 81";"TRANSFE.";"ADELANTADO";"PROV41000571";"ES";"EUR"
"Proveedor 83";"TRANSFE.";"1X30";"PROV41000592";"ES";"EUR"
"Proveedor 85";"TALON";"ADELANTADO";"PROV41000618";"ES";"EUR"
"Proveedor 87";"RECIBO";"ADELANTADO";"PROV41000647";"ES";"EUR"
"Proveedor 89";"RECIBO";"ADELANTADO";"PROV41000690";"ES";"EUR"
"Proveedor 92";"TALON";"ADELANTADO";"PROV41000817";"ES";"EUR"
"Proveedor 95";"TRANSFE.";"ADELANTADO";"PROV41000840";"ES";"EUR"
"Proveedor 97";"TRANSFE.";"ADELANTADO";"PROV41000875";"ES";"EUR"
"Proveedor 99";"RECIBO";"1X30";"PROV41000887";"ES";"EUR"
"Proveedor 107";"RECIBO";"15DIAS";"PROV41000900";"ES";"EUR"
"Proveedor 108";"CONTADO";"ADELANTADO";"PROV41000938";"ES";"EUR"
"Proveedor 109";"TALON";"ADELANTADO";"PROV41000947";"ES";"EUR"
"Proveedor 113";"RECIBO";"ADELANTADO";"PROV41001025";"ES";"EUR"
"Proveedor 118";"TALON";"ADELANTADO";"PROV41001116";"ES";"EUR"
"Proveedor 134";"TALON";"ADELANTADO";"PROV41001355";"ES";"EUR"
"Proveedor 135";"TRANSFE.";"ADELANTADO";"PROV41001360";"ES";"EUR"
"Proveedor 137";"TRANSFE.";"ADELANTADO";"PROV41001391";"IN";"USD"
"Proveedor 143";"RECIBO";"ADELANTADO";"PROV41001436";"ES";"EUR"
"Proveedor 145";"TRANSFE.";"15DIAS";"PROV41001457";"ES";"EUR"
"Proveedor 153";"RECIBO";"ADELANTADO";"PROV41001500";"ES";"EUR"
"Proveedor 154";"RECIBO";"ADELANTADO";"PROV41001501";"ES";"EUR"
"Proveedor 157";"RECIBO";"1X90";"PROV41001524";"ES";"EUR"
"Proveedor 161";"CONTADO";"ADELANTADO";"PROV41001693";"ES";"EUR"
"Proveedor 162";"TRANSFE.";"ADELANTADO";"PROV41001696";"ES";"EUR"
"Proveedor 165";"BANCO";"1X60";"PROV1003";"CN";"USD"
"Proveedor 184";"RECIBO";"ADELANTADO";"PROV1069";"ES";"EUR"
"Proveedor 186";"RECIBO";"REPOSICION";"PROV1075";"ES";"EUR"
"Proveedor 188";"TRANSFE.";"1X30";"PROV1086";"ES";"EUR"
"Proveedor 191";"TRANSFE.";"ADELANTADO";"PROV1090";"NL";"EUR"
"Proveedor 192";"CONTADO";"ADELANTADO";"PROV1091";"FR";"EUR"
"Proveedor 193";"TRANSFE.";"ADELANTADO";"PROV1093";"ES";"EUR"
"Proveedor 197";"TRANSFE.";"1X30";"PROV1103";"ES";"EUR"
"Proveedor 202";"TRANSFE.";"1X60";"PROV1122";"PE";"USD"
"Proveedor 205";"RECIBO";"1X30";"PROV1126";"ES";"EUR"
"Proveedor 216";"CONTADO";"ADELANTADO";"PROV1158";"CH";"USD"
"Proveedor 222";"TRANSFE.";"15DIAS";"PROV1175";"ES";"EUR"
"Proveedor 231";"RECIBO";"ADELANTADO";"PROV1196";"ES";"EUR"
"Proveedor 234";"TRANSFE.";"ADELANTADO";"PROV1205";"ES";"EUR"
"Proveedor 235";"TRANSFE.";"ADELANTADO";"PROV1206";"ES";"EUR"
"Proveedor 276";"TRANSFE.";"ADELANTADO";"PROV1310";"GB";"EUR"
"Proveedor 278";"TRANSFE.";"ADELANTADO";"PROV1314";"ES";"EUR"
"Proveedor 287";"TRANSFE.";"ADELANTADO";"PROV1332";"ES";"EUR"
"Proveedor 289";"TRANSFE.";"1X30";"PROV1335";"ES";"EUR"
"Proveedor 291";"TRANSFE.";"ADELANTADO";"PROV1339";"ES";"EUR"
"Proveedor 292";"TRANSFE.";"ADELANTADO";"PROV1340";"ES";"EUR"
"Proveedor 294";"TRANSFE.";"1X30";"PROV1345";"ES";"EUR"
"Proveedor 295";"TRANSFE.";"1X90";"PROV1346";"CN";"USD"
"Proveedor 298";"TRANSFE.";"1X30";"PROV1350";"CH";"USD"
"Proveedor 304";"TRANSFE.";"1X60";"PROV1359";"ES";"EUR"
"Proveedor 306";"TRANSFE.";"ADELANTADO";"PROV1361";"ES";"EUR"
"Proveedor 308";"RECIBO";"ADELANTADO";"PROV1367";"ES";"EUR"
"Proveedor 309";"RECIBO";"1X90";"PROV1375";"ES";"EUR"
"Proveedor 319";"TRANSFE.";"ADELANTADO";"PROV1390";"ES";"EUR"
"Proveedor 320";"TRANSFE.";"1X90";"PROV1396";"ES";"EUR"
"Proveedor 321";"TRANSFE.";"1X45";"PROV1397";"PE";"USD"
"Proveedor 322";"CONFIRMING";"10DIAS";"PROV1398";"CH";"USD"
"Proveedor 324";"TRANSFE.";"7DIAS";"PROV1400";"ES";"EUR"
"Proveedor 327";"TRANSFE.";"ADELANTADO";"PROV1403";"TR";"USD"
"Proveedor 330";"TRANSFE.";"ADELANTADO";"PROV1406";"CH";"USD"
"Proveedor 334";"RECIBO";"1X30";"PROV1412";"ES";"EUR"
"Proveedor 339";"TRANSFE.";"ADELANTADO";"PROV1425";"KR";"USD"
"Proveedor 341";"TRANS_FRAC";"1X0D";"PROV1428";"CH";"USD"
"Proveedor 343";"RECIBO";"1X30";"PROV1431";"ES";"EUR"
"Proveedor 347";"TRANSFE.";"ADELANTADO";"PROV1438";"ES";"EUR"
"Proveedor 348";"TRANSFE.";"ADELANTADO";"PROV1440";"ES";"EUR"
"Proveedor 350";"TRANSFE.";"14DIAS";"PROV1442";"ES";"EUR"
"Proveedor 353";"TRANSFE.";"1X30";"PROV1445";"ES";"EUR"
"Proveedor 354";"CONTADO";"ADELANTADO";"PROV1446";"ES";"EUR"
"Proveedor 360";"RECIBO";"1X30";"PROV1453";"ES";"EUR"
"Proveedor 361";"RECIBO";"1X30";"PROV1454";"ES";"EUR"
"Proveedor 362";"TRANSFE.";"14DIAS";"PROV1456";"ES";"EUR"
"Proveedor 364";"TRANSFE.";"2X30AD";"PROV1458";"CH";"USD"
"Proveedor 365";"TRANSFE.";"1X30";"PROV1461";"PT";"EUR"
"Proveedor 366";"TRANSFE.";"14DIAS";"PROV1462";"ES";"EUR"
"Proveedor 369";"CONTADO";"ADELANTADO";"PROV1467";"ES";"EUR"
"Proveedor 370";"TRANSFE.";"7DIAS";"PROV1468";"ES";"EUR"
"Proveedor 371";"CONTADO";"REPOSICION";"PROV1469";"PL";"EUR"
"Proveedor 372";"RECIBO";"1X30";"PROV1470";"ES";"EUR"
"Proveedor 373";"RECIBO";"ADELANTADO";"PROV1472";"ES";"EUR"
"Proveedor 374";"RECIBO";"ADELANTADO";"PROV1473";"ES";"EUR"
"Proveedor 375";"TRANS_FRAC";"3X30AD";"PROV1474";"CH";"USD"
"Proveedor 376";"CONFIRMING";"1X45";"PROV1475";"CH";"USD"
"Proveedor 378";"RECIBO";"1X30";"PROV1477";"ES";"EUR"
"Proveedor 379";"RECIBO";"14DIAS";"PROV1478";"ES";"EUR"
"Proveedor 380";"RECIBO";"1X30";"PROV1479";"ES";"EUR"
"Proveedor 382";"TRANSFE.";"ADELANTADO";"PROV1481";"ES";"EUR"
"Proveedor 384";"TRANSFE.";"1X30";"PROV1483";"ES";"EUR"
"Proveedor 387";"TRANSFE.";"ADELANTADO";"PROV1487";"ES";"EUR"
"Proveedor 389";"TRANS_FRAC";"ADELANTADO";"PROV1489";"CH";"USD"
"Proveedor 391";"VISA";"ADELANTADO";"PROV1491";"ES";"EUR"
"Proveedor 394";"TRANSFE.";"1X30";"PROV1494";"MX";"USD"
"Proveedor 395";"TRANSFE.";"1X30";"PROV1495";"ES";"EUR"
"Proveedor 396";"TRANSFE.";"ADELANTADO";"PROV1496";"ES";"EUR"
"Proveedor 397";"RECIBO";"1X30";"PROV1497";"ES";"EUR"
"Proveedor 398";"RECIBO";"1X90";"PROV1498";"ES";"EUR"
"Proveedor 400";"TRANSFE.";"1X30";"PROV1501";"JO";"USD"
"Proveedor 403";"TRANSFE.";"1X30";"PROV1504";"ES";"EUR"
"Proveedor 404";"TRANSFE.";"1X60";"PROV1505";"ES";"EUR"
"Proveedor 406";"TRANSFE.";"ADELANTADO";"PROV1507";"ES";"EUR"
"Proveedor 407";"RECIBO";"1X60";"PROV1508";"ES";"EUR"
"Proveedor 408";"TRANSFE.";"1X30";"PROV1509";"CN";"USD"
"Proveedor 410";"TRANSFE.";"ADELANTADO";"PROV1512";"ES";"EUR"
"Proveedor 411";"TRANS_FRAC";"2X80";"PROV1513";"CH";"USD"
"Proveedor 412";"TRANSFE.";"3X20AD";"PROV1514";"JO";"USD"
"Proveedor 414";"TRANSFE.";"ADELANTADO";"PROV1516";"ES";"EUR"
"Proveedor 415";"TRANSFE.";"ADELANTADO";"PROV1517";"ES";"EUR"
"Proveedor 416";"TRANSFE.";"ADELANTADO";"PROV1518";"ES";"EUR"
"Proveedor 417";"TRANSFE.";"1X30";"PROV1519";"ES";"EUR"
"Proveedor 418";"RECIBO";"1X90";"PROV1520";"ES";"EUR"
"Proveedor 419";"CONTADO";"ADELANTADO";"PROV1522";"ES";"EUR"
"Proveedor 420";"TRANSFE.";"ADELANTADO";"PROV1523";"ES";"EUR"
"Proveedor 421";"CONTADO";"REPOSICION";"PROV1524";"ES";"EUR"
"Proveedor 422";"RECIBO";"1X30";"PROV1525";"ES";"EUR"
"Proveedor 423";"CONTADO";"ADELANTADO";"PROV1526";"ES";"EUR"
"Proveedor 427";"CONTADO";"ADELANTADO";"PROV1530";"ES";"EUR"
"Proveedor 429";"TRANSFE.";"ADELANTADO";"PROV1532";"ES";"EUR"
"Proveedor 431";"TRANSFE.";"ADELANTADO";"PROV1534";"ES";"EUR"
"Proveedor 432";"TRANS_FRAC";"2X30AD";"PROV1535";"CH";"USD"
"Proveedor 433";"CONTADO";"ADELANTADO";"PROV1536";"ES";"EUR"
"Proveedor 434";"TRANSFE.";"1X60";"PROV1537";"ES";"EUR"
"Proveedor 436";"TRANSFE.";"ADELANTADO";"PROV1539";"ES";"EUR"
"Proveedor 437";"RECIBO";"15DIAS";"PROV1541";"ES";"EUR"
"Proveedor 438";"TRANSFE.";"1X30";"PROV1542";"ES";"EUR"
"Proveedor 439";"TRANSFE.";"ADELANTADO";"PROV1543";"CH";"USD"
"Proveedor 440";"RECIBO";"1X30";"PROV1544";"ES";"EUR"
"Proveedor 444";"TRANSFE.";"1X30";"PROV1548";"ES";"EUR"
"Proveedor 446";"TRANSFE.";"ADELANTADO";"PROV1550";"ES";"EUR"
"Proveedor 447";"TRANS_FRAC";"1X40 B/L";"PROV1551";"CH";"USD"
"Proveedor 448";"CONTADO";"ADELANTADO";"PROV1553";"ES";"EUR"
"Proveedor 449";"RECIBO";"ADELANTADO";"PROV1554";"ES";"EUR"
"Proveedor 450";"RECIBO";"ADELANTADO";"PROV1555";"ES";"EUR"
"Proveedor 452";"TRANSFE.";"ADELANTADO";"PROV1557";"ES";"EUR"
"Proveedor 454";"RECIBO";"10DIAS";"PROV1559";"ES";"EUR"
"Proveedor 455";"RECIBO";"15DIAS";"PROV1560";"CN";"USD"
"Proveedor 456";"TRANS_FRAC";"4X30D";"PROV1561";"ES";"EUR"
"Proveedor 458";"TRANSFE.";"ADELANTADO";"PROV1563";"ES";"EUR"
"Proveedor 459";"RECIBO";"ADELANTADO";"PROV1564";"ES";"EUR"
"Proveedor 460";"TRANSFE.";"ADELANTADO";"PROV1565";"ES";"EUR"
"Proveedor 461";"TRANSFE.";"ADELANTADO";"PROV1566";"ES";"EUR"
"Proveedor 462";"CAJA";"ADELANTADO";"PROV1567";"ES";"EUR"
"Proveedor 463";"RECIBO";"1";"PROV1568";"ES";"EUR"
"Proveedor 464";"TRANSFE.";"ADELANTADO";"PROV1569";"ES";"EUR"
"Proveedor 465";"RECIBO";"ADELANTADO";"PROV1570";"ES";"EUR"
"Proveedor 466";"RECIBO";"2X30A";"PROV1571";"ES";"EUR"
"Proveedor 467";"TRANSFE.";"1X30";"PROV1572";"SG";"USD"
"Proveedor 468";"RECIBO";"1X30";"PROV1573";"ES";"EUR"
"Proveedor 469";"TRANSFE.";"1X60";"PROV1574";"SG";"USD"
"Proveedor 471";"TRANSFE.";"1X60";"PROV1577";"TR";"USD"
"Proveedor 472";"TRANSFE.";"1X30";"PROV1578";"ES";"EUR"
"Proveedor 473";"TRANSFE.";"10DIAS";"PROV1579";"ES";"EUR"
"Proveedor 474";"TRANSFE.";"ADELANTADO";"PROV1580";"ES";"EUR"
"Proveedor 479";"TRANSFE.";"1X45";"PROV1585";"CH";"USD"
"Proveedor 481";"TRANSFE.";"1X30";"PROV1587";"ES";"EUR"
"Proveedor 482";"TRANSFE.";"1X30";"PROV1588";"ES";"EUR"
"Proveedor 483";"TRANSFE.";"ADELANTADO";"PROV1589";"ES";"EUR"
"Proveedor 484";"TRANSFE.";"ADELANTADO";"PROV1590";"ES";"EUR"
"Proveedor 485";"TRANSFE.";"ADELANTADO";"PROV1591";"ES";"EUR"
"Proveedor 486";"RECIBO";"1X30";"PROV1592";"DE";"EUR"
"Proveedor 487";"TRANSFE.";"1X60";"PROV1593";"IN";"USD"
"Proveedor 488";"TRANSFE.";"1X30";"PROV1594";"ES";"EUR"
"Proveedor 489";"CAN PAGO A";"ADELANTADO";"PROV1595";"ES";"EUR"
"Proveedor 490";"DB";"ADELANTADO";"PROV1596";"ES";"EUR"
"Proveedor 491";"TRANS_FRAC";"1X45";"PROV1597";"CH";"USD"
"Proveedor 492";"TRANSFE.";"1X30";"PROV1598";"ES";"EUR"
"Proveedor 494";"TRANSFE.";"1X30";"PROV1600";"ES";"EUR"
"Proveedor 495";"TRANSFE.";"ADELANTADO";"PROV1602";"ES";"EUR"
"Proveedor 496";"TRANSFE.";"1X30";"PROV1603";"ES";"EUR"
"Proveedor 498";"RECIBO";"1X30";"PROV1605";"ES";"EUR"
"Proveedor 499";"TRANSFE.";"2X85/30";"PROV1606";"AE";"USD"
"Proveedor 500";"TRANSFE.";"ADELANTADO";"PROV1607";"ES";"EUR"
"Proveedor 501";"TRANSFE.";"ADELANTADO";"PROV1608";"ES";"EUR"
"Proveedor 502";"TRANSFE.";"ADELANTADO";"PROV1609";"ES";"EUR"
"Proveedor 503";"CONTADO";"1";"PROV1610";"ES";"EUR"
"Proveedor 505";"TRANSFE.";"ADELANTADO";"PROV1613";"ES";"EUR"
"Proveedor 506";"RECIBO";"1X30";"PROV1614";"ES";"EUR"
"Proveedor 508";"TRANSFE.";"ADELANTADO";"PROV1616";"ES";"EUR"
"Proveedor 509";"CR PAGO A";"ADELANTADO";"PROV1617";"ES";"EUR"
"Proveedor 510";"TRANSFE.";"1X60";"PROV1618";"ES";"EUR"
"Proveedor 511";"TRANSFE.";"ADELANTADO";"PROV1619";"ES";"EUR"
"Proveedor 512";"RECIBO";"1X75";"PROV1620";"ES";"EUR"
"Proveedor 513";"TRANSFE.";"14DIAS";"PROV1621";"ES";"EUR"
"Proveedor 514";"TRANSFE.";"ADELANTADO";"PROV1622";"KR";"USD"
"Proveedor 515";"CAJA";"1";"PROV1623";"ES";"EUR"
"Proveedor 516";"RECIBO";"1X60";"PROV1624";"ES";"EUR"
"Proveedor 517";"TRANSFE.";"VISTA";"PROV1626";"ES";"EUR"
"Proveedor 518";"RECIBO";"VISTA";"PROV1627";"ES";"EUR"
"Proveedor 519";"TRANSFE.";"1X30";"PROV1628";"CN";"USD"
"Proveedor 520";"TRANSFE.";"ADELANTADO";"PROV1630";"ES";"EUR"
"Proveedor 521";"TRANSFE.";"1X30";"PROV1632";"ES";"EUR"
"Proveedor 522";"TRANSFE.";"10DIAS";"PROV1633";"CN";"USD"
"Proveedor 524";"CR PAGO A";"1";"PROV1635";"TR";"USD"
"Proveedor 525";"TRANSFE.";"ADELANTADO";"PROV1636";"ES";"EUR"
"Proveedor 526";"TRANSFE.";"ADELANTADO";"PROV1637";"ES";"EUR"
"Proveedor 527";"TRANSFE.";"ADELANTADO";"PROV1638";"ES";"EUR"
"Proveedor 528";"CAN PAGO A";"ADELANTADO";"PROV1639";"ES";"EUR"
"Proveedor 529";"RECIBO";"1X30";"PROV1640";"ES";"EUR"
"Proveedor 530";"TRANSFE.";"1X30";"PROV1641";"ES";"EUR"
"Proveedor 531";"RECIBO";"ADELANTADO";"PROV1642";"ES";"EUR"
"Proveedor 532";"RECIBO";"1X30";"PROV1643";"ES";"EUR"
"Proveedor 533";"CAJA";"ADELANTADO";"PROV1644";"ES";"EUR"
"Proveedor 534";"TRANSFE.";"ADELANTADO";"PROV1645";"CN";"USD"
"Proveedor 536";"TRANSFE.";"1X30";"PROV1647";"ES";"EUR"
"Proveedor 537";"RECIBO";"1X60";"PROV1648";"ES";"EUR"
"Proveedor 538";"RECIBO";"1X60";"PROV1649";"ES";"EUR"
"Proveedor 539";"RECIBO";"1X60";"PROV1650";"ES";"EUR"
"Proveedor 540";"TRANSFE.";"1X30";"PROV1651";"ES";"EUR"
"Proveedor 541";"TRANSFE.";"1X60 B/L";"PROV1652";"IE";"EUR"
"Proveedor 542";"RECIBO";"ADELANTADO";"PROV1653";"ES";"EUR"
"Proveedor 543";"RECIBO";"ADELANTADO";"PROV1654";"ES";"EUR"
"Proveedor 544";"RECIBO";"ADELANTADO";"PROV1655";"ES";"EUR"
"Proveedor 545";"TRANSFE.";"ADELANTADO";"PROV1656";"ES";"EUR"
"Proveedor 546";"TRANSFE.";"1X30";"PROV1657";"SG";"USD"
"Proveedor 547";"TRANSFE.";"10DIAS";"PROV1658";"ES";"EUR"
"Proveedor 548";"RECIBO";"ADELANTADO";"PROV1659";"ES";"EUR"
"Proveedor 549";"TRANSFE.";"ADELANTADO";"PROV1660";"ES";"EUR"
"Proveedor 550";"RECIBO";"1X60";"PROV1661";"ES";"EUR"
"Proveedor 552";"TRANSFE.";"1X30";"PROV1663";"ES";"EUR"
"Proveedor 553";"TRANSFE.";"10DIAS";"PROV1664";"ES";"EUR"
"Proveedor 555";"RECIBO";"1X30";"PROV1666";"ES";"EUR"
"Proveedor 556";"CONTADO";"10DIAS";"PROV1667";"ES";"EUR"
"Proveedor 557";"CONTADO";"10DIAS";"PROV1668";"ES";"EUR"
"Proveedor 558";"RECIBO";"1X60";"PROV1670";"ES";"EUR"
"Proveedor 559";"CONTADO";"ADELANTADO";"PROV1671";"ES";"EUR"
"Proveedor 560";"TRANSFE.";"ADELANTADO";"PROV1672";"ES";"EUR"
"Proveedor 561";;"ADELANTADO";"PROV1673";"ES";"EUR"
"Proveedor 563";"TRANSFE.";"ADELANTADO";"PROV1675";"ES";"EUR"
"Proveedor 564";"RECIBO";"1X30";"PROV1676";"ES";"EUR"
"Proveedor 565";"TRANSFE.";"ADELANTADO";"PROV1677";"ES";"EUR"
"Proveedor 566";"CONTADO";"ADELANTADO";"PROV1678";"ES";"EUR"
"Proveedor 567";"CONTADO";"ADELANTADO";"PROV1679";"ES";"EUR"
"Proveedor 568";"RECIBO";"1X30";"PROV1680";"ES";"EUR"
"Proveedor 572";"TRANSFE.";"1X0D";"PROV1686";"TR";"USD"
"Proveedor 573";"TRANSFE.";"1X0D";"PROV1687";"ES";"EUR"
"Proveedor 575";"TRANSFE.";"2X30AD";"PROV1689";"CH";"USD"
"Proveedor 587";"RECIBO";"1X60";"PROV1724";"ES";"EUR"
"Proveedor 590";"CONTADO";"ADELANTADO";"PROV1729";"ES";"EUR"
"Proveedor 591";"TRANSFE.";"ADELANTADO";"PROV1731";"ES";"EUR"
"Proveedor 602";"TRANSFE.";"2 TIMES";"PROV1754";"CH";"USD"
"Proveedor 655";"TRANSFE.";"ADELANTADO";"PROV1810";"ES";"EUR"
"Proveedor 676";"BANCO";"1X60";"PROV1833";"ES";"EUR"
"Proveedor 699";"RECIBO";"VISTA";"PROV1862";"ES";"EUR"
"Proveedor 707";"TRANSFE.";"1X45";"PROV1870";"IE";"EUR"
"Proveedor 861";"RECIBO";"1X30";"PROV2035";"ES";"EUR"
"Proveedor 889";"TRANSFE.";"ADELANTADO";"PROV2063";"ES";"EUR"
"Proveedor 949";"TRANSFE.";"ADELANTADO";"PROV2123";"GR";"EUR"
"Proveedor 1021";"CONFIRMING";"1X0D BL";"PROV2197";"CH";"USD"
"Proveedor 1112";"CONTADO";"ADELANTADO";"PROV2288";"ES";"EUR"
"Proveedor 1161";"RECIBO";"1X30";"PROV2339";"ES";"EUR"
"Proveedor 1211";"VISA";"ADELANTADO";"PROV2389";"ES";"EUR"
"Proveedor 266";"RECIBO";"1X30";"PROV1288";"ES";"EUR"
"Proveedor 426";"RECIBO";"1X60";"PROV1529";"ES";"EUR"
"Proveedor 130";;;"PROV41001253";"ES";"EUR"
"Proveedor 185";;;"PROV1070";"ES";"EUR"
"Proveedor 853";"RECIBO";"1X60";"PROV2027";"ES";"EUR"
"Proveedor 903";"CONTADO";;"PROV2077";"ES";"EUR"
"Proveedor 965";"TRANSFE.";"ADELANTADO";"PROV2139";"ES";"EUR"
"Proveedor 1002";"TRANSFE.";"-";"PROV2178";"ES";"EUR"
"Proveedor 1006";"RECIBO";"1X30";"PROV2182";"ES";"EUR"
"Proveedor 1065";"VISA";"ADELANTADO";"PROV2241";"ES";"EUR"
"Proveedor 1129";"TRANSFE.";"ADELANTADO";"PROV2306";"ES";"EUR"
"Proveedor 1177";"RECIBO";"1X30";"PROV2355";"ES";"EUR"
"Proveedor 1188";"RECIBO";"1X60";"PROV2366";"ES";"EUR"
"Proveedor 1192";"RECIBO";"1X30";"PROV2370";"ES";"EUR"
"Proveedor 1195";"VISA";"ADELANTADO";"PROV2373";"ES";"EUR"
"Proveedor 425";"RECIBO";"1X60";"PROV1528";"ES";"EUR"
